system:index,co,dewpoint_temperature_2m,hcho,lat,lon,no2,surface_pressure,temperature_2m,total_precipitation_sum,u_component_of_wind_10m,v_component_of_wind_10m,.geo
0,0.04077780351540596,287.5624346937763,2.0215631597968406E-4,28.35,76.85,6.258169638926466E-5,98071.22176307441,298.14661275088537,0.0023267504159719303,0.46014487558303885,-0.3983491283573516,"{""type"":""Point"",""coordinates"":[76.85,28.349999999999994]}"
1,0.04058869952413631,287.54127896104205,2.2132591505089546E-4,28.35,76.91,6.924040181943708E-5,97932.4163977775,298.07750846827946,0.0023734809882021255,0.46736246396417525,-0.45302849033651826,"{""type"":""Point"",""coordinates"":[76.91,28.349999999999994]}"
2,0.041047414588771244,287.68166740103953,2.2640954769182734E-4,28.35,76.97,7.353716011444466E-5,98002.41297311996,298.05110560726354,0.0024308313118269324,0.46423306051454577,-0.507918939198533,"{""type"":""Point"",""coordinates"":[76.97,28.35]}"
3,0.04119175862335511,287.68166740103953,2.422878366868737E-4,28.35,77.03,7.548050019810334E-5,98002.41297311996,298.05110560726354,0.0024308313118269324,0.46423306051454577,-0.507918939198533,"{""type"":""Point"",""coordinates"":[77.03,28.349999999999994]}"
4,0.0414328913280103,287.89323855186717,2.4444130789041344E-4,28.35,77.08999999999999,7.931520616001158E-5,98215.75863522047,298.0789688528402,0.002502830824133564,0.4536384164470517,-0.5670370898834648,"{""type"":""Point"",""coordinates"":[77.08999999999999,28.35]}"
5,0.041850096143010926,288.0747239970726,2.3946651001320132E-4,28.35,77.14999999999999,8.159281532889945E-5,98367.63260782322,298.07976392632736,0.002529384325955108,0.43312748251440314,-0.6066996853101193,"{""type"":""Point"",""coordinates"":[77.14999999999999,28.350000000000005]}"
6,0.042186595699946886,288.0747239970726,2.4249906508800798E-4,28.35,77.21,8.714655493694736E-5,98367.63260782322,298.07976392632736,0.002529384325955108,0.43312748251440314,-0.6066996853101193,"{""type"":""Point"",""coordinates"":[77.21,28.35]}"
7,0.042952752305022636,288.2195419729573,2.633336348567753E-4,28.35,77.27,1.0524265159353575E-4,98442.06890919308,298.0443610831481,0.002485560990686382,0.3972786089056702,-0.6162499871972484,"{""type"":""Point"",""coordinates"":[77.27,28.349999999999994]}"
8,0.04356770778840262,288.2195419729573,2.6503945022380903E-4,28.35,77.33,1.1208777877202576E-4,98442.06890919308,298.0443610831481,0.002485560990686382,0.3972786089056702,-0.6162499871972484,"{""type"":""Point"",""coordinates"":[77.33,28.350000000000005]}"
9,0.043942224601906145,288.35399857612515,2.8088999708528184E-4,28.35,77.39,1.0247605762727444E-4,98502.07290462687,297.9983045673804,0.0024164671231623525,0.3580454334276454,-0.6142021601602906,"{""type"":""Point"",""coordinates"":[77.39000000000001,28.35]}"
10,0.04332792167400582,288.35399857612515,2.803637269171196E-4,28.35,77.44999999999999,9.893596365471909E-5,98502.07290462687,297.9983045673804,0.0024164671231623525,0.3580454334276454,-0.6142021601602906,"{""type"":""Point"",""coordinates"":[77.44999999999999,28.35]}"
11,0.0433131319424802,288.4530380667072,2.7673470190950426E-4,28.35,77.50999999999999,9.687416246904434E-5,98523.18112380507,297.9377554627861,0.0023461851636025328,0.33860130484245704,-0.6050459948848917,"{""type"":""Point"",""coordinates"":[77.50999999999999,28.35]}"
12,0.04068101752313893,287.7136471474007,2.2460768648295697E-4,28.405,76.85,6.392466823763797E-5,98259.99858955835,298.1620208113162,0.0024215180860807776,0.3966276229788722,-0.4356191456590068,"{""type"":""Point"",""coordinates"":[76.85,28.405]}"
13,0.040873760277852805,287.7392020935336,2.1430942128841475E-4,28.405,76.91,7.33607032679883E-5,98208.77404617947,298.12758382858215,0.002472608533950797,0.4070723825393747,-0.48708705510178624,"{""type"":""Point"",""coordinates"":[76.91,28.405]}"
14,0.04176271904430477,287.8153775358853,2.295094966104846E-4,28.405,76.97,8.41107565098289E-5,98101.95795028895,298.01462698461825,0.002499611520114106,0.4112456265105501,-0.5346494949027286,"{""type"":""Point"",""coordinates"":[76.97,28.405]}"
15,0.04169512207275802,287.8153775358853,2.4057663377985604E-4,28.405,77.03,9.276858941273706E-5,98101.95795028895,298.01462698461825,0.002499611520114106,0.4112456265105501,-0.5346494949027286,"{""type"":""Point"",""coordinates"":[77.03,28.405]}"
16,0.042012074994177355,287.8961051418356,2.480366259927505E-4,28.405,77.08999999999999,9.405485782846362E-5,98012.74276764054,297.90670032936714,0.0025438365335334794,0.4085066251014463,-0.58683449775661,"{""type"":""Point"",""coordinates"":[77.08999999999999,28.405]}"
17,0.04176844512699248,288.0385642064761,2.470982567390037E-4,28.405,77.14999999999999,9.285029269467337E-5,98088.94322426147,297.87787055446694,0.0025785174144458425,0.3897856098331814,-0.6299614932439104,"{""type"":""Point"",""coordinates"":[77.14999999999999,28.405]}"
18,0.04205599125703331,288.0385642064761,2.579580458708138E-4,28.405,77.21,9.804607714205124E-5,98088.94322426147,297.87787055446694,0.0025785174144458425,0.3897856098331814,-0.6299614932439104,"{""type"":""Point"",""coordinates"":[77.21,28.405]}"
19,0.04283691584581192,288.2466099220868,2.845137862726261E-4,28.405,77.27,1.1165830569013982E-4,98307.93831558576,297.9140191970897,0.002531254319622188,0.35755581442079615,-0.6363933166956791,"{""type"":""Point"",""coordinates"":[77.27,28.405]}"
20,0.04379455843817405,288.2466099220868,2.9759144972881093E-4,28.405,77.33,1.2051139271883209E-4,98307.93831558576,297.9140191970897,0.002531254319622188,0.35755581442079615,-0.6363933166956791,"{""type"":""Point"",""coordinates"":[77.33,28.405]}"
21,0.043537733109847716,288.4447234619698,2.8484833821847193E-4,28.405,77.39,1.1345948654369864E-4,98516.05749366798,297.9244050953487,0.0024800184935740554,0.3387575994343516,-0.6358105563681967,"{""type"":""Point"",""coordinates"":[77.39000000000001,28.405000000000005]}"
22,0.04300511654961394,288.4447234619698,2.6781798145462585E-4,28.405,77.44999999999999,1.0920783932599704E-4,98516.05749366798,297.9244050953487,0.0024800184935740554,0.3387575994343516,-0.6358105563681967,"{""type"":""Point"",""coordinates"":[77.44999999999999,28.405]}"
23,0.0439243524463339,288.54226332712386,2.6833153530111763E-4,28.405,77.50999999999999,1.0642731443541102E-4,98546.4456215218,297.8654626367297,0.0024244224244602064,0.331044093441201,-0.6295149611555831,"{""type"":""Point"",""coordinates"":[77.50999999999999,28.405]}"
24,0.040642473752956265,287.83626660908743,2.232182193500893E-4,28.46,76.85,6.321174046413432E-5,98377.45498225244,298.15365626365605,0.002518980743460555,0.33491316494876394,-0.47002101227573084,"{""type"":""Point"",""coordinates"":[76.85,28.460000000000004]}"
25,0.04127056712920613,287.8950895614276,2.2197273174953526E-4,28.46,76.91,6.955600222056651E-5,98428.44014206981,298.17706477892455,0.0025750752053849643,0.34656207289325575,-0.5218414763881736,"{""type"":""Point"",""coordinates"":[76.91,28.460000000000004]}"
26,0.04183295558153262,287.97772770711805,2.44123408744963E-4,28.46,76.97,8.231658681915322E-5,98306.15966261776,298.0524203992872,0.002595407043744536,0.3506021543180559,-0.5680575754000169,"{""type"":""Point"",""coordinates"":[76.97,28.459999999999997]}"
27,0.041703695562545634,287.97772770711805,2.455879976743085E-4,28.46,77.03,9.592383319826644E-5,98306.15966261776,298.0524203992872,0.002595407043744536,0.3506021543180559,-0.5680575754000169,"{""type"":""Point"",""coordinates"":[77.03,28.460000000000004]}"
28,0.04230069914962973,288.00494816052867,2.474822312702344E-4,28.46,77.08999999999999,1.0760462355988815E-4,98085.45966261762,297.8685189652115,0.002616902805681194,0.35430757357105225,-0.6145791846323231,"{""type"":""Point"",""coordinates"":[77.08999999999999,28.460000000000004]}"
29,0.042430830451344215,288.0852062138249,2.6877156583234556E-4,28.46,77.14999999999999,1.0930734652629646E-4,98000.03272197847,297.77396341262886,0.002636176906546597,0.348277132913947,-0.6568382546237619,"{""type"":""Point"",""coordinates"":[77.14999999999999,28.460000000000004]}"
30,0.04210081578329631,288.0852062138249,2.686259532742443E-4,28.46,77.21,1.1100945688580807E-4,98000.03272197847,297.77396341262886,0.002636176906546597,0.348277132913947,-0.6568382546237619,"{""type"":""Point"",""coordinates"":[77.21,28.460000000000004]}"
31,0.04312928128517462,288.2874086075176,2.761823826502456E-4,28.46,77.27,1.2050632983329455E-4,98221.56251649887,297.81745544851657,0.002594181964168906,0.3375759142174571,-0.6579459730348634,"{""type"":""Point"",""coordinates"":[77.27,28.460000000000004]}"
32,0.04410979808904201,288.2874086075176,3.012753545394841E-4,28.46,77.33,1.370365784837601E-4,98221.56251649887,297.81745544851657,0.002594181964168906,0.3375759142174571,-0.6579459730348634,"{""type"":""Point"",""coordinates"":[77.33,28.460000000000004]}"
33,0.0442078270676732,288.5078573357569,2.9617005646727357E-4,28.46,77.39,1.260636507766459E-4,98493.56297312002,297.8422157670811,0.0025519188825399233,0.32901427038184033,-0.6581135828201079,"{""type"":""Point"",""coordinates"":[77.39000000000001,28.460000000000004]}"
34,0.04385149273235739,288.5078573357569,2.8732546390639014E-4,28.46,77.44999999999999,1.2300341712709713E-4,98493.56297312002,297.8422157670811,0.0025519188825399233,0.32901427038184033,-0.6581135828201079,"{""type"":""Point"",""coordinates"":[77.44999999999999,28.460000000000004]}"
35,0.04405485100414548,288.5743159812335,2.9940069821130855E-4,28.46,77.50999999999999,1.2399643264788304E-4,98463.28626079131,297.76389768417573,0.0025059463099258547,0.32271956700712584,-0.655812529559549,"{""type"":""Point"",""coordinates"":[77.50999999999999,28.460000000000004]}"
36,0.04103810327203926,287.83626660908743,2.3061231772071155E-4,28.515,76.85,6.265852962531089E-5,98377.45498225244,298.15365626365605,0.002518980743460555,0.33491316494876394,-0.47002101227573084,"{""type"":""Point"",""coordinates"":[76.85,28.514999999999993]}"
37,0.04150285284580033,287.8950895614276,2.2125709253196978E-4,28.515,76.91,6.79430225918393E-5,98428.44014206981,298.17706477892455,0.0025750752053849643,0.34656207289325575,-0.5218414763881736,"{""type"":""Point"",""coordinates"":[76.91,28.515]}"
38,0.04207306238718772,287.97772770711805,2.4279099225973862E-4,28.515,76.97,8.099735446125701E-5,98306.15966261776,298.0524203992872,0.002595407043744536,0.3506021543180559,-0.5680575754000169,"{""type"":""Point"",""coordinates"":[76.97,28.514999999999993]}"
39,0.042242926396105634,287.97772770711805,2.4899273629169473E-4,28.515,77.03,9.677143787180594E-5,98306.15966261776,298.0524203992872,0.002595407043744536,0.3506021543180559,-0.5680575754000169,"{""type"":""Point"",""coordinates"":[77.03,28.515]}"
40,0.04233884848011919,288.00494816052867,2.4316766347438562E-4,28.515,77.08999999999999,1.190894107042626E-4,98085.45966261762,297.8685189652115,0.002616902805681194,0.35430757357105225,-0.6145791846323231,"{""type"":""Point"",""coordinates"":[77.08999999999999,28.514999999999993]}"
41,0.042806415158336025,288.0852062138249,2.633000921114328E-4,28.515,77.14999999999999,1.270041650684124E-4,98000.03272197847,297.77396341262886,0.002636176906546597,0.348277132913947,-0.6568382546237619,"{""type"":""Point"",""coordinates"":[77.14999999999999,28.515000000000008]}"
42,0.04308562930662927,288.0852062138249,2.7697640385676944E-4,28.515,77.21,1.363871753578794E-4,98000.03272197847,297.77396341262886,0.002636176906546597,0.348277132913947,-0.6568382546237619,"{""type"":""Point"",""coordinates"":[77.21,28.515]}"
43,0.04381941301067409,288.2874086075176,2.902804006485839E-4,28.515,77.27,1.5055795754637577E-4,98221.56251649887,297.81745544851657,0.002594181964168906,0.3375759142174571,-0.6579459730348634,"{""type"":""Point"",""coordinates"":[77.27,28.514999999999993]}"
44,0.04461393192049023,288.2874086075176,3.081183548465256E-4,28.515,77.33,1.495094329306108E-4,98221.56251649887,297.81745544851657,0.002594181964168906,0.3375759142174571,-0.6579459730348634,"{""type"":""Point"",""coordinates"":[77.33,28.515]}"
45,0.044493047280188644,288.5078573357569,3.137814640154786E-4,28.515,77.39,1.447287981152318E-4,98493.56297312002,297.8422157670811,0.0025519188825399233,0.32901427038184033,-0.6581135828201079,"{""type"":""Point"",""coordinates"":[77.39000000000001,28.515]}"
46,0.044932653098966054,288.5078573357569,3.0517943184979473E-4,28.515,77.44999999999999,1.3771751206949025E-4,98493.56297312002,297.8422157670811,0.0025519188825399233,0.32901427038184033,-0.6581135828201079,"{""type"":""Point"",""coordinates"":[77.44999999999999,28.515]}"
47,0.044295542815515766,288.5743159812335,2.916769406978833E-4,28.515,77.50999999999999,1.2510850703840502E-4,98463.28626079131,297.76389768417573,0.0025059463099258547,0.32271956700712584,-0.655812529559549,"{""type"":""Point"",""coordinates"":[77.50999999999999,28.515]}"
48,0.041535487122090785,287.9094528337594,2.1141053659271884E-4,28.57,76.85,6.299785699821251E-5,98325.86731101951,298.0185102697923,0.0024806190716078163,0.32484046901197733,-0.48208317560692326,"{""type"":""Point"",""coordinates"":[76.85,28.569999999999997]}"
49,0.04172634242201041,287.9946177791789,2.2260930657947746E-4,28.57,76.91,7.02211470563388E-5,98431.06936581417,298.06921103142196,0.002535502375315409,0.3362868740134038,-0.5336882051267583,"{""type"":""Point"",""coordinates"":[76.91,28.569999999999997]}"
50,0.04213750655229412,288.1341335557911,2.340496241814182E-4,28.57,76.97,8.348572446023099E-5,98438.43763065428,298.01100723754337,0.002556484271728925,0.3402572806023025,-0.5781464358987329,"{""type"":""Point"",""coordinates"":[76.97,28.569999999999997]}"
51,0.043170682916038226,288.1341335557911,2.354721317872706E-4,28.57,77.03,1.0112658817451778E-4,98438.43763065428,298.01100723754337,0.002556484271728925,0.3402572806023025,-0.5781464358987329,"{""type"":""Point"",""coordinates"":[77.03,28.569999999999997]}"
52,0.04286466181528882,288.2275865737707,2.5966717558207643E-4,28.57,77.08999999999999,1.254538317236919E-4,98314.63260782322,297.891108327369,0.002577531488301099,0.3434684544393461,-0.6141584601032135,"{""type"":""Point"",""coordinates"":[77.08999999999999,28.57]}"
53,0.044026413484425944,288.29980626911885,2.6303023746608947E-4,28.57,77.14999999999999,1.3658901226196773E-4,98218.75212837115,297.81807014778855,0.0025862025352374474,0.3473140594621773,-0.6271789032574658,"{""type"":""Point"",""coordinates"":[77.14999999999999,28.569999999999997]}"
54,0.04429991770086893,288.29980626911885,2.9164948338575823E-4,28.57,77.21,1.5172194260276858E-4,98218.75212837115,297.81807014778855,0.0025862025352374474,0.3473140594621773,-0.6271789032574658,"{""type"":""Point"",""coordinates"":[77.21,28.569999999999997]}"
55,0.04468625122883873,288.39783530736065,3.0111993817345E-4,28.57,77.27,1.60211833168529E-4,98311.43169458116,297.7763923331483,0.0025323941972158685,0.353646052809066,-0.621221649047991,"{""type"":""Point"",""coordinates"":[77.27,28.569999999999997]}"
56,0.04492812547342905,288.39783530736065,3.0028868404637245E-4,28.57,77.33,1.5491228815361235E-4,98311.43169458116,297.7763923331483,0.0025323941972158685,0.353646052809066,-0.621221649047991,"{""type"":""Point"",""coordinates"":[77.33,28.57]}"
57,0.044683753494991464,288.53938313662735,3.070457329185155E-4,28.57,77.39,1.4972634136744373E-4,98448.2119457227,297.7378091960191,0.0024890280214075497,0.34829212693863243,-0.6205235071922544,"{""type"":""Point"",""coordinates"":[77.39000000000001,28.57]}"
58,0.044983142353333366,288.53938313662735,2.915665621914206E-4,28.57,77.44999999999999,1.3965624816626116E-4,98448.2119457227,297.7378091960191,0.0024890280214075497,0.34829212693863243,-0.6205235071922544,"{""type"":""Point"",""coordinates"":[77.44999999999999,28.57]}"
59,0.04440458635399121,288.60405387007506,3.052351249526061E-4,28.57,77.50999999999999,1.2370854840896967E-4,98412.24185439854,297.6644758180943,0.0024426035149457664,0.3421246219443401,-0.6179517253893152,"{""type"":""Point"",""coordinates"":[77.50999999999999,28.569999999999997]}"
60,0.0414118754900656,287.9094528337594,2.305617439842026E-4,28.625,76.85,6.485978564946021E-5,98325.86731101951,298.0185102697923,0.0024806190716078163,0.32484046901197733,-0.48208317560692326,"{""type"":""Point"",""coordinates"":[76.85,28.624999999999996]}"
61,0.04197265293047872,287.9946177791789,2.1955808922869376E-4,28.625,76.91,7.434458932653528E-5,98431.06936581417,298.06921103142196,0.002535502375315409,0.3362868740134038,-0.5336882051267583,"{""type"":""Point"",""coordinates"":[76.91,28.624999999999996]}"
62,0.042207187713071984,288.1341335557911,2.3460663821127034E-4,28.625,76.97,8.717185700249634E-5,98438.43763065428,298.01100723754337,0.002556484271728925,0.3402572806023025,-0.5781464358987329,"{""type"":""Point"",""coordinates"":[76.97,28.624999999999996]}"
63,0.042638025990017286,288.1341335557911,2.523712258975045E-4,28.625,77.03,1.0199790255487774E-4,98438.43763065428,298.01100723754337,0.002556484271728925,0.3402572806023025,-0.5781464358987329,"{""type"":""Point"",""coordinates"":[77.03,28.624999999999996]}"
64,0.04342217765039177,288.2275865737707,2.752141283703583E-4,28.625,77.08999999999999,1.213018668269636E-4,98314.63260782322,297.891108327369,0.002577531488301099,0.3434684544393461,-0.6141584601032135,"{""type"":""Point"",""coordinates"":[77.08999999999999,28.624999999999996]}"
65,0.04410853935198497,288.29980626911885,2.7167995330269897E-4,28.625,77.14999999999999,1.348174969066017E-4,98218.75212837115,297.81807014778855,0.0025862025352374474,0.3473140594621773,-0.6271789032574658,"{""type"":""Point"",""coordinates"":[77.14999999999999,28.624999999999996]}"
66,0.04458544722109875,288.29980626911885,2.8861946333661424E-4,28.625,77.21,1.4825749202988217E-4,98218.75212837115,297.81807014778855,0.0025862025352374474,0.3473140594621773,-0.6271789032574658,"{""type"":""Point"",""coordinates"":[77.21,28.624999999999996]}"
67,0.0448553566548398,288.39783530736065,3.0760156626626853E-4,28.625,77.27,1.5874893951914426E-4,98311.43169458116,297.7763923331483,0.0025323941972158685,0.353646052809066,-0.621221649047991,"{""type"":""Point"",""coordinates"":[77.27,28.624999999999996]}"
68,0.04470683585034458,288.39783530736065,3.1938745142510706E-4,28.625,77.33,1.5730954466247108E-4,98311.43169458116,297.7763923331483,0.0025323941972158685,0.353646052809066,-0.621221649047991,"{""type"":""Point"",""coordinates"":[77.33,28.624999999999996]}"
69,0.0449341395670913,288.53938313662735,3.0952916144406445E-4,28.625,77.39,1.455533851017129E-4,98448.2119457227,297.7378091960191,0.0024890280214075497,0.34829212693863243,-0.6205235071922544,"{""type"":""Point"",""coordinates"":[77.39000000000001,28.624999999999996]}"
70,0.04496099522960749,288.53938313662735,3.0525040853017667E-4,28.625,77.44999999999999,1.3529907395420552E-4,98448.2119457227,297.7378091960191,0.0024890280214075497,0.34829212693863243,-0.6205235071922544,"{""type"":""Point"",""coordinates"":[77.44999999999999,28.625000000000004]}"
71,0.044088040489831934,288.60405387007506,2.614810051958222E-4,28.625,77.50999999999999,1.2002332694694052E-4,98412.24185439854,297.6644758180943,0.0024426035149457664,0.3421246219443401,-0.6179517253893152,"{""type"":""Point"",""coordinates"":[77.50999999999999,28.624999999999996]}"
72,0.04183007595287439,287.9755942079029,2.3685670217633332E-4,28.68,76.85,6.5122845535627E-5,98262.7261009739,297.89277338872773,0.002396169006334688,0.33130512324642364,-0.4899283949098632,"{""type"":""Point"",""coordinates"":[76.85,28.679999999999996]}"
73,0.04212675017490104,288.06911478260355,2.3463422513476064E-4,28.68,76.91,7.28370694679694E-5,98344.95326992367,297.908657690597,0.002447129916165069,0.34187446141351857,-0.5376641299626599,"{""type"":""Point"",""coordinates"":[76.91,28.679999999999996]}"
74,0.04271524783447892,288.2296032422207,2.5972958238197624E-4,28.68,76.97,8.489238171544652E-5,98422.43443430722,297.8857441453629,0.0024733287703501993,0.34568127148771927,-0.5687878791600061,"{""type"":""Point"",""coordinates"":[76.97,28.679999999999996]}"
75,0.04321474881916012,288.2296032422207,2.6629016482457426E-4,28.68,77.03,9.654465177595726E-5,98422.43443430722,297.8857441453629,0.0024733287703501993,0.34568127148771927,-0.5687878791600061,"{""type"":""Point"",""coordinates"":[77.03,28.679999999999996]}"
76,0.0439236449539253,288.40768721767773,2.680205515274404E-4,28.68,77.08999999999999,1.138412278364946E-4,98418.52221969544,297.84441080311103,0.002495825727018687,0.34714617097758793,-0.5823363460906568,"{""type"":""Point"",""coordinates"":[77.08999999999999,28.679999999999996]}"
77,0.043800949032391255,288.517868662098,2.869449565804322E-4,28.68,77.14999999999999,1.3299896397945746E-4,98368.31263065425,297.7742918319354,0.002494608934938187,0.3517251454531876,-0.5802578063860334,"{""type"":""Point"",""coordinates"":[77.14999999999999,28.679999999999996]}"
78,0.04429172168510272,288.517868662098,2.868474375494206E-4,28.68,77.21,1.378591609746114E-4,98368.31263065425,297.7742918319354,0.002494608934938187,0.3517251454531876,-0.5802578063860334,"{""type"":""Point"",""coordinates"":[77.21,28.679999999999996]}"
79,0.04442503410807756,288.50920601762044,2.9093733117191174E-4,28.68,77.27,1.3693616682989313E-4,98371.88705987802,297.7038883644695,0.0024424648729090147,0.36480222031406095,-0.5717038546523002,"{""type"":""Point"",""coordinates"":[77.27,28.679999999999996]}"
80,0.04455366428680451,288.50920601762044,2.9686589073570806E-4,28.68,77.33,1.3553400764791258E-4,98371.88705987802,297.7038883644695,0.0024424648729090147,0.36480222031406095,-0.5717038546523002,"{""type"":""Point"",""coordinates"":[77.33,28.679999999999996]}"
81,0.04419732779174467,288.5654698411078,2.9753121137695725E-4,28.68,77.39,1.2372360216208813E-4,98387.74596398756,297.64145235383893,0.0023852699296116153,0.372348339481441,-0.5650173000004736,"{""type"":""Point"",""coordinates"":[77.39000000000001,28.679999999999996]}"
82,0.04410564867175449,288.5654698411078,2.755074580537813E-4,28.68,77.44999999999999,1.157561982407992E-4,98387.74596398756,297.64145235383893,0.0023852699296116153,0.372348339481441,-0.5650173000004736,"{""type"":""Point"",""coordinates"":[77.44999999999999,28.679999999999996]}"
83,0.043536856708874645,288.6300533974008,2.560248230997995E-4,28.68,77.50999999999999,1.014461574783317E-4,98381.99550736655,297.57814367982354,0.0023274910649209134,0.3715889952498488,-0.5567454477423404,"{""type"":""Point"",""coordinates"":[77.50999999999999,28.679999999999996]}"
84,0.042044111358066925,287.9755942079029,2.4361756309198294E-4,28.735000000000003,76.85,6.85248358940773E-5,98262.7261009739,297.89277338872773,0.002396169006334688,0.33130512324642364,-0.4899283949098632,"{""type"":""Point"",""coordinates"":[76.85,28.735000000000007]}"
85,0.04223591540743912,288.06911478260355,2.4170123224221099E-4,28.735000000000003,76.91,7.17088839545331E-5,98344.95326992367,297.908657690597,0.002447129916165069,0.34187446141351857,-0.5376641299626599,"{""type"":""Point"",""coordinates"":[76.91,28.735000000000007]}"
86,0.04259375333701272,288.2296032422207,2.638744777556746E-4,28.735000000000003,76.97,7.651083386410911E-5,98422.43443430722,297.8857441453629,0.0024733287703501993,0.34568127148771927,-0.5687878791600061,"{""type"":""Point"",""coordinates"":[76.97,28.735000000000007]}"
87,0.04268817803736967,288.2296032422207,2.6349642731615517E-4,28.735000000000003,77.03,8.379885198240689E-5,98422.43443430722,297.8857441453629,0.0024733287703501993,0.34568127148771927,-0.5687878791600061,"{""type"":""Point"",""coordinates"":[77.03,28.735000000000007]}"
88,0.04312362599776484,288.40768721767773,2.7279629418810363E-4,28.735000000000003,77.08999999999999,9.984274407448863E-5,98418.52221969544,297.84441080311103,0.002495825727018687,0.34714617097758793,-0.5823363460906568,"{""type"":""Point"",""coordinates"":[77.08999999999999,28.735000000000007]}"
89,0.04349564703028177,288.517868662098,2.84358005782411E-4,28.735000000000003,77.14999999999999,1.1160146360904145E-4,98368.31263065425,297.7742918319354,0.002494608934938187,0.3517251454531876,-0.5802578063860334,"{""type"":""Point"",""coordinates"":[77.14999999999999,28.735000000000007]}"
90,0.04377933150347923,288.517868662098,2.737705500604959E-4,28.735000000000003,77.21,1.0970663578075512E-4,98368.31263065425,297.7742918319354,0.002494608934938187,0.3517251454531876,-0.5802578063860334,"{""type"":""Point"",""coordinates"":[77.21,28.735000000000007]}"
91,0.04337183271776166,288.50920601762044,2.8241548139871234E-4,28.735000000000003,77.27,1.024807733329033E-4,98371.88705987802,297.7038883644695,0.0024424648729090147,0.36480222031406095,-0.5717038546523002,"{""type"":""Point"",""coordinates"":[77.27,28.735]}"
92,0.04347116766670965,288.50920601762044,2.6092262033527644E-4,28.735000000000003,77.33,9.499220304900658E-5,98371.88705987802,297.7038883644695,0.0024424648729090147,0.36480222031406095,-0.5717038546523002,"{""type"":""Point"",""coordinates"":[77.33,28.735000000000007]}"
93,0.04348355142707395,288.5654698411078,2.7079186284307703E-4,28.735000000000003,77.39,8.723980502784187E-5,98387.74596398756,297.64145235383893,0.0023852699296116153,0.372348339481441,-0.5650173000004736,"{""type"":""Point"",""coordinates"":[77.39000000000001,28.735000000000007]}"
94,0.04310928617296368,288.5654698411078,2.586660542277482E-4,28.735000000000003,77.44999999999999,8.358636374924106E-5,98387.74596398756,297.64145235383893,0.0023852699296116153,0.372348339481441,-0.5650173000004736,"{""type"":""Point"",""coordinates"":[77.44999999999999,28.735000000000007]}"
95,0.04337588546317732,288.6300533974008,2.6232109093099487E-4,28.735000000000003,77.50999999999999,7.820513197925576E-5,98381.99550736655,297.57814367982354,0.0023274910649209134,0.3715889952498488,-0.5567454477423404,"{""type"":""Point"",""coordinates"":[77.50999999999999,28.735000000000007]}"
96,0.04176336830363024,288.0580140762677,2.3462289277538997E-4,28.790000000000003,76.85,6.246487536643708E-5,98309.77621512907,297.8370275001005,0.0023266577838219333,0.3366962833491636,-0.516195250646164,"{""type"":""Point"",""coordinates"":[76.85,28.790000000000003]}"
97,0.04175032708928182,288.15849366209846,2.468575473210266E-4,28.790000000000003,76.91,6.66294914612352E-5,98320.73500508345,297.79425852178986,0.002363485166797995,0.34474311375726874,-0.5326796479421122,"{""type"":""Point"",""coordinates"":[76.91,28.790000000000003]}"
98,0.04268713517099821,288.3040717068328,2.3169513544624867E-4,28.790000000000003,76.97,7.275075927871792E-5,98354.3951649008,297.75890762816834,0.0023922439996511293,0.34759448674171534,-0.541133881050702,"{""type"":""Point"",""coordinates"":[76.97,28.790000000000003]}"
99,0.04263407332747596,288.3040717068328,2.6043764971523845E-4,28.790000000000003,77.03,7.941424529347322E-5,98354.3951649008,297.75890762816834,0.0023922439996511293,0.34759448674171534,-0.541133881050702,"{""type"":""Point"",""coordinates"":[77.03,28.790000000000003]}"
100,0.04287285238183146,288.45886377482657,2.7113010481808625E-4,28.790000000000003,77.08999999999999,9.124053034885911E-5,98387.55783613371,297.7161315151545,0.00241552835000714,0.3480756332885187,-0.5421897056440242,"{""type"":""Point"",""coordinates"":[77.08999999999999,28.790000000000003]}"
101,0.04279795363125822,288.5614572394383,2.784550295438003E-4,28.790000000000003,77.14999999999999,9.344686536712643E-5,98378.21400051727,297.6495865843613,0.0024110939277362476,0.35318876292607543,-0.5397192589224205,"{""type"":""Point"",""coordinates"":[77.14999999999999,28.790000000000003]}"
102,0.04318591649773817,288.5614572394383,2.690984756919928E-4,28.790000000000003,77.21,8.77746332642062E-5,98378.21400051727,297.6495865843613,0.0024110939277362476,0.35318876292607543,-0.5397192589224205,"{""type"":""Point"",""coordinates"":[77.21,28.790000000000003]}"
103,0.042980793697980774,288.59941007013197,2.644232194761419E-4,28.790000000000003,77.27,8.433774377725242E-5,98350.70064435291,297.5854420352744,0.0023622246918613924,0.3657089407585527,-0.5315692540173119,"{""type"":""Point"",""coordinates"":[77.27,28.790000000000003]}"
104,0.042704666787067296,288.59941007013197,2.439118384354491E-4,28.790000000000003,77.33,7.829348960081973E-5,98350.70064435291,297.5854420352744,0.0023622246918613924,0.3657089407585527,-0.5315692540173119,"{""type"":""Point"",""coordinates"":[77.33,28.790000000000003]}"
105,0.04281366255677791,288.6170227538507,2.635324243102257E-4,28.790000000000003,77.39,7.491896062773173E-5,98329.15886353095,297.5233647664388,0.0022967866711421513,0.38100457387427783,-0.5212904877858622,"{""type"":""Point"",""coordinates"":[77.39000000000001,28.790000000000003]}"
106,0.04260083091636983,288.6170227538507,2.493709588117761E-4,28.790000000000003,77.44999999999999,7.178848983326894E-5,98329.15886353095,297.5233647664388,0.0022967866711421513,0.38100457387427783,-0.5212904877858622,"{""type"":""Point"",""coordinates"":[77.44999999999999,28.790000000000003]}"
107,0.0429428016578121,288.640596705049,2.480886802438197E-4,28.790000000000003,77.50999999999999,6.96752328308073E-5,98314.36719686436,297.5061846241013,0.0022433862983364905,0.39568952098829013,-0.5120571785321515,"{""type"":""Point"",""coordinates"":[77.50999999999999,28.790000000000003]}"
108,0.042073628309329404,288.0580140762677,2.2639488160138859E-4,28.845000000000002,76.85,5.811869464816333E-5,98309.77621512907,297.8370275001005,0.0023266577838219333,0.3366962833491636,-0.516195250646164,"{""type"":""Point"",""coordinates"":[76.85,28.845000000000006]}"
109,0.04248962214653589,288.15849366209846,2.282747365638271E-4,28.845000000000002,76.91,6.244905151273497E-5,98320.73500508345,297.79425852178986,0.002363485166797995,0.34474311375726874,-0.5326796479421122,"{""type"":""Point"",""coordinates"":[76.91,28.845000000000006]}"
110,0.04209987622797648,288.3040717068328,2.2289978185473526E-4,28.845000000000002,76.97,6.6553353569881E-5,98354.3951649008,297.75890762816834,0.0023922439996511293,0.34759448674171534,-0.541133881050702,"{""type"":""Point"",""coordinates"":[76.97,28.845000000000006]}"
111,0.042238534092664835,288.3040717068328,2.276278317189059E-4,28.845000000000002,77.03,7.149355050710807E-5,98354.3951649008,297.75890762816834,0.0023922439996511293,0.34759448674171534,-0.541133881050702,"{""type"":""Point"",""coordinates"":[77.03,28.845]}"
112,0.042418047439989136,288.45886377482657,2.420914837853426E-4,28.845000000000002,77.08999999999999,7.622075618475766E-5,98387.55783613371,297.7161315151545,0.00241552835000714,0.3480756332885187,-0.5421897056440242,"{""type"":""Point"",""coordinates"":[77.08999999999999,28.845]}"
113,0.04200891795675929,288.5614572394383,2.6446071272904516E-4,28.845000000000002,77.14999999999999,7.985699351526192E-5,98378.21400051727,297.6495865843613,0.0024110939277362476,0.35318876292607543,-0.5397192589224205,"{""type"":""Point"",""coordinates"":[77.14999999999999,28.845000000000006]}"
114,0.041915083316188005,288.5614572394383,2.3246932393487593E-4,28.845000000000002,77.21,7.43455862010709E-5,98378.21400051727,297.6495865843613,0.0024110939277362476,0.35318876292607543,-0.5397192589224205,"{""type"":""Point"",""coordinates"":[77.21,28.845000000000006]}"
115,0.04203769186585816,288.59941007013197,2.4339828839677868E-4,28.845000000000002,77.27,7.159321819021479E-5,98350.70064435291,297.5854420352744,0.0023622246918613924,0.3657089407585527,-0.5315692540173119,"{""type"":""Point"",""coordinates"":[77.27,28.845000000000006]}"
116,0.04215321070628264,288.59941007013197,2.3317009790243707E-4,28.845000000000002,77.33,6.848738343409098E-5,98350.70064435291,297.5854420352744,0.0023622246918613924,0.3657089407585527,-0.5315692540173119,"{""type"":""Point"",""coordinates"":[77.33,28.845000000000006]}"
117,0.04225381000319146,288.6170227538507,2.320824619960575E-4,28.845000000000002,77.39,6.698223053548068E-5,98329.15886353095,297.5233647664388,0.0022967866711421513,0.38100457387427783,-0.5212904877858622,"{""type"":""Point"",""coordinates"":[77.39000000000001,28.845000000000006]}"
118,0.042563029489337496,288.6170227538507,2.370235178531583E-4,28.845000000000002,77.44999999999999,6.391390789399285E-5,98329.15886353095,297.5233647664388,0.0022967866711421513,0.38100457387427783,-0.5212904877858622,"{""type"":""Point"",""coordinates"":[77.44999999999999,28.845000000000006]}"
119,0.042648129416270934,288.640596705049,2.366174023411422E-4,28.845000000000002,77.50999999999999,6.240570402820571E-5,98314.36719686436,297.5061846241013,0.0022433862983364905,0.39568952098829013,-0.5120571785321515,"{""type"":""Point"",""coordinates"":[77.50999999999999,28.845000000000006]}"
120,0.04167468946486289,288.1624478483849,2.3477103591358896E-4,28.900000000000002,76.85,5.5376759355038084E-5,98322.45247083694,297.7492153568355,0.0023498326412619936,0.3284187456244203,-0.5461248846358908,"{""type"":""Point"",""coordinates"":[76.85,28.899999999999995]}"
121,0.04154750063070529,288.23688309203544,2.2439994985833835E-4,28.900000000000002,76.91,5.5924373777851113E-5,98307.75486809721,297.6935958862304,0.002321951466390627,0.3276774611102937,-0.5508079254463928,"{""type"":""Point"",""coordinates"":[76.91,28.899999999999995]}"
122,0.04206847619449545,288.387956195988,2.1837522421141051E-4,28.900000000000002,76.97,5.960344115700991E-5,98340.63203704693,297.64088090870484,0.002316620974018245,0.33472047222259393,-0.5449626526331791,"{""type"":""Point"",""coordinates"":[76.97,28.899999999999995]}"
123,0.042182615318645575,288.387956195988,2.3931275245176427E-4,28.900000000000002,77.03,6.47388582442527E-5,98340.63203704693,297.64088090870484,0.002316620974018245,0.33472047222259393,-0.5449626526331791,"{""type"":""Point"",""coordinates"":[77.03,28.899999999999995]}"
124,0.04181523461674919,288.5552455884678,2.49411614341719E-4,28.900000000000002,77.08999999999999,7.202166302549516E-5,98407.22347540318,297.6105871818927,0.002339211379338713,0.3354075775843228,-0.5458185383173972,"{""type"":""Point"",""coordinates"":[77.08999999999999,28.899999999999995]}"
125,0.042164533853866315,288.6654221277803,2.558322892011216E-4,28.900000000000002,77.14999999999999,7.044955777412026E-5,98401.76285896476,297.5456622746435,0.002339987505298867,0.3396428600293856,-0.544009779577385,"{""type"":""Point"",""coordinates"":[77.14999999999999,28.899999999999995]}"
126,0.041957941110467654,288.6654221277803,2.5204199334355335E-4,28.900000000000002,77.21,6.688692770336296E-5,98401.76285896476,297.5456622746435,0.002339987505298867,0.3396428600293856,-0.544009779577385,"{""type"":""Point"",""coordinates"":[77.21,28.899999999999995]}"
127,0.0417435462007419,288.6772949427772,2.467167663139799E-4,28.900000000000002,77.27,6.474279578506564E-5,98348.21788179582,297.5058564277542,0.0022859773279870353,0.3530236614349222,-0.535200316285434,"{""type"":""Point"",""coordinates"":[77.27,28.899999999999995]}"
128,0.04198430471588231,288.6772949427772,2.451467536151341E-4,28.900000000000002,77.33,6.019995744883888E-5,98348.21788179582,297.5058564277542,0.0022859773279870353,0.3530236614349222,-0.535200316285434,"{""type"":""Point"",""coordinates"":[77.33,28.899999999999995]}"
129,0.042268126417054866,288.67066457391314,2.2930208348784857E-4,28.900000000000002,77.39,5.8761775326286404E-5,98313.83374937571,297.459623996961,0.0022424919020640663,0.3668343844479075,-0.5276046443747604,"{""type"":""Point"",""coordinates"":[77.39000000000001,28.899999999999995]}"
130,0.04260411668521591,288.67066457391314,2.3022337435360957E-4,28.900000000000002,77.44999999999999,5.754292561267531E-5,98313.83374937571,297.459623996961,0.0022424919020640663,0.3668343844479075,-0.5276046443747604,"{""type"":""Point"",""coordinates"":[77.44999999999999,28.899999999999995]}"
131,0.04256886058330015,288.66643547859377,2.2376980214188193E-4,28.900000000000002,77.50999999999999,5.717714924343809E-5,98290.75989092815,297.43108986632456,0.002216378821412274,0.3807872441261326,-0.5229173115943668,"{""type"":""Point"",""coordinates"":[77.50999999999999,28.900000000000002]}"
