system:index,fire_nov,fire_oct,hcho,lat,lon,u_component_of_wind_10m,v_component_of_wind_10m,.geo
0,,,0.0001735357814971842,28.0,74.5,0.5646471573246853,0.3473479900095199,"{""type"":""Point"",""coordinates"":[74.5,27.999999999999996]}"
1,,,0.00018522010915122071,28.0,74.65,0.5678874459531571,0.3514895644452835,"{""type"":""Point"",""coordinates"":[74.65000000000002,27.999999999999996]}"
2,,,0.00018565425626424251,28.0,74.8,0.5336402806970809,0.4139478570885129,"{""type"":""Point"",""coordinates"":[74.8,28.0]}"
3,,,0.00020011361400987585,28.0,74.95,0.4717438505755532,0.4962571561336517,"{""type"":""Point"",""coordinates"":[74.95,28.0]}"
4,,,0.0001845910839141562,28.0,75.1,0.3832554201285043,0.6032911188072626,"{""type"":""Point"",""coordinates"":[75.1,28.0]}"
5,,,0.00021024082283011372,28.0,75.25,0.3243130915694767,0.6599463244279226,"{""type"":""Point"",""coordinates"":[75.25,28.0]}"
6,,,0.00020056475798328497,28.0,75.4,0.3369656794601017,0.6426031847794849,"{""type"":""Point"",""coordinates"":[75.4,28.0]}"
7,,,0.00020439452726253316,28.0,75.55,0.4997345732318031,0.5353701796796586,"{""type"":""Point"",""coordinates"":[75.55,28.0]}"
8,,,0.00022854884870739684,28.0,75.7,0.5898929933706917,0.4588687148359086,"{""type"":""Point"",""coordinates"":[75.7,28.0]}"
9,,,0.00020813428604598717,28.0,75.85,0.6861145781146154,0.3642743951744502,"{""type"":""Point"",""coordinates"":[75.85000000000001,28.0]}"
10,,,0.00023821292580825928,28.0,76.0,0.7979845596684348,0.2188808540503184,"{""type"":""Point"",""coordinates"":[76.0,28.0]}"
11,,,0.00022077516505957415,28.0,76.15,0.737081985341178,0.1078141629695892,"{""type"":""Point"",""coordinates"":[76.15,28.0]}"
12,,,0.0002198135630078517,28.0,76.3,0.7162099964088863,0.0455593208471934,"{""type"":""Point"",""coordinates"":[76.3,28.0]}"
13,,,0.00024462852295085985,28.0,76.45,0.6949534859922198,-0.0892300400469038,"{""type"":""Point"",""coordinates"":[76.45,28.0]}"
14,,,0.00022829988122295556,28.0,76.6,0.6912181344297198,-0.1479072047604454,"{""type"":""Point"",""coordinates"":[76.6,28.0]}"
15,,,0.0002650473844705117,28.0,76.75,0.6944787681102753,-0.2404826170868345,"{""type"":""Point"",""coordinates"":[76.75,28.0]}"
16,,,0.00023705562004419468,28.0,76.9,0.6819065431753795,-0.4098097383975983,"{""type"":""Point"",""coordinates"":[76.90000000000002,28.0]}"
17,,,0.0002704529595148034,28.0,77.05,0.6187677085399629,-0.4899611055850983,"{""type"":""Point"",""coordinates"":[77.05,27.999999999999996]}"
18,,,0.00026849916136486874,28.0,77.2,0.6070387860139212,-0.5406769123342302,"{""type"":""Point"",""coordinates"":[77.2,28.0]}"
19,,,0.00027482121176717765,28.0,77.35,0.5673720379670458,-0.556908873054716,"{""type"":""Point"",""coordinates"":[77.35,28.0]}"
20,,,0.00029424001107207135,28.0,77.5,0.5532620661788515,-0.5676364799340567,"{""type"":""Point"",""coordinates"":[77.5,27.999999999999996]}"
21,,,0.0001684306949530286,28.15,74.5,0.5334029217561088,0.3429534587595198,"{""type"":""Point"",""coordinates"":[74.5,28.15]}"
22,,,0.00015619227418047404,28.15,74.65,0.5603858861658307,0.3290337132083046,"{""type"":""Point"",""coordinates"":[74.65000000000002,28.14999999999999]}"
23,,,0.00018012524535793614,28.15,74.8,0.5834249622291988,0.338143210278617,"{""type"":""Point"",""coordinates"":[74.8,28.15]}"
24,,,0.00020006424580419876,28.15,74.95,0.5460036297639211,0.3929585450225405,"{""type"":""Point"",""coordinates"":[74.95,28.15]}"
25,,,0.0001918397755294756,28.15,75.1,0.4551226211918726,0.50723331173261,"{""type"":""Point"",""coordinates"":[75.1,28.15]}"
26,,,0.0002029809830221306,28.15,75.25,0.3790307700634004,0.5681050293975407,"{""type"":""Point"",""coordinates"":[75.25,28.15]}"
27,,,0.0002003653384205344,28.15,75.4,0.3469656116432614,0.5657138076093465,"{""type"":""Point"",""coordinates"":[75.4,28.15]}"
28,,,0.0002088747356543716,28.15,75.55,0.4349871231449976,0.4804005616241032,"{""type"":""Point"",""coordinates"":[75.55,28.15]}"
29,,,0.00020627083554537677,28.15,75.7,0.5234172311094071,0.4031768474313948,"{""type"":""Point"",""coordinates"":[75.7,28.15]}"
30,,,0.0001901243260949457,28.15,75.85,0.6068343182404835,0.316987746953964,"{""type"":""Point"",""coordinates"":[75.85000000000001,28.15]}"
31,,,0.00022676834968613584,28.15,76.0,0.703245790137185,0.1918121013376447,"{""type"":""Point"",""coordinates"":[76.0,28.15]}"
32,,,0.00022611071743814005,28.15,76.15,0.6783899009227754,0.0962975071536169,"{""type"":""Point"",""coordinates"":[76.15,28.15]}"
33,,,0.00025093678870992766,28.15,76.3,0.6557051678498583,0.0355471816327837,"{""type"":""Point"",""coordinates"":[76.3,28.15]}"
34,,,0.00025219211243820316,28.15,76.45,0.6300924426979488,-0.0627187417613135,"{""type"":""Point"",""coordinates"":[76.45,28.15]}"
35,,,0.0002348881569590345,28.15,76.6,0.6283108943038516,-0.1126702527205149,"{""type"":""Point"",""coordinates"":[76.6,28.15]}"
36,,,0.00027541038626072644,28.15,76.75,0.6500048233403102,-0.206258170472251,"{""type"":""Point"",""coordinates"":[76.75,28.15]}"
37,,,0.0003118214502629671,28.15,76.9,0.6429939183923935,-0.3777750975555843,"{""type"":""Point"",""coordinates"":[76.90000000000002,28.15]}"
38,,,0.0002928155099700696,28.15,77.05,0.6081065621640948,-0.4848226235972512,"{""type"":""Point"",""coordinates"":[77.05,28.15]}"
39,,,0.0002665577541394221,28.15,77.2,0.6137980904844069,-0.5533617132239871,"{""type"":""Point"",""coordinates"":[77.2,28.15]}"
40,,,0.0003180453203169689,28.15,77.35,0.5619633058706921,-0.5495646483368344,"{""type"":""Point"",""coordinates"":[77.35,28.15]}"
41,,319.8999938964844,0.0002906889580996013,28.15,77.5,0.5478987713654837,-0.5591112249427375,"{""type"":""Point"",""coordinates"":[77.5,28.15]}"
42,,,0.00017842551371725373,28.3,74.5,0.5135848065217336,0.2662875380780962,"{""type"":""Point"",""coordinates"":[74.5,28.3]}"
43,,,0.00017054039948058943,28.3,74.65,0.5619602541128794,0.2361622803741031,"{""type"":""Point"",""coordinates"":[74.65000000000002,28.3]}"
44,,,0.0001759352286627829,28.3,74.8,0.5913591934574973,0.2385545194149017,"{""type"":""Point"",""coordinates"":[74.8,28.3]}"
45,,,0.0001965755277818597,28.3,74.95,0.5797008004453444,0.2634758518801795,"{""type"":""Point"",""coordinates"":[74.95,28.3]}"
46,,,0.0002039915663630866,28.3,75.1,0.5232768502500325,0.3043639812204573,"{""type"":""Point"",""coordinates"":[75.1,28.3]}"
47,,,0.00019341879049755673,28.3,75.25,0.4325626711050667,0.3781225939591725,"{""type"":""Point"",""coordinates"":[75.25,28.3]}"
48,,,0.00017859837979846376,28.3,75.4,0.4005714330408308,0.3667486925919849,"{""type"":""Point"",""coordinates"":[75.4,28.3]}"
49,,,0.00021327928920871189,28.3,75.55,0.3212186091476016,0.3433644288116032,"{""type"":""Point"",""coordinates"":[75.55,28.3]}"
50,,,0.00021082806093433392,28.3,75.7,0.3401462892691293,0.3211171143584781,"{""type"":""Point"",""coordinates"":[75.7,28.3]}"
51,,,0.00021967013105531863,28.3,75.85,0.3937300701936086,0.2596699708037905,"{""type"":""Point"",""coordinates"":[75.85000000000001,28.3]}"
52,,,0.000224274208574029,28.3,76.0,0.4793769750330184,0.141725973950492,"{""type"":""Point"",""coordinates"":[76.0,28.3]}"
53,,,0.00023455429247171852,28.3,76.15,0.5085921307404836,0.0595679064591725,"{""type"":""Point"",""coordinates"":[76.15,28.3]}"
54,,,0.0002287922965688674,28.3,76.3,0.525209630197949,0.005762364466985,"{""type"":""Point"",""coordinates"":[76.3,28.3]}"
55,,,0.00025520327982649836,28.3,76.45,0.503843934668435,-0.0535265081458621,"{""type"":""Point"",""coordinates"":[76.45,28.3]}"
56,,,0.0002435042373341875,28.3,76.6,0.5061290231015947,-0.1107717202769385,"{""type"":""Point"",""coordinates"":[76.6,28.300000000000004]}"
57,,,0.00026080134529582965,28.3,76.75,0.5245891061094071,-0.1973734862274594,"{""type"":""Point"",""coordinates"":[76.75,28.300000000000004]}"
58,,,0.000303226359566445,28.3,76.9,0.5779128094514211,-0.3541507621606191,"{""type"":""Point"",""coordinates"":[76.90000000000002,28.3]}"
59,,,0.00025385529307240406,28.3,77.05,0.6093343860573238,-0.5063453151120078,"{""type"":""Point"",""coordinates"":[77.05,28.3]}"
60,,,0.0003041795544782343,28.3,77.2,0.6076854195859696,-0.5589525335364872,"{""type"":""Point"",""coordinates"":[77.2,28.3]}"
61,,,0.000334017879041511,28.3,77.35,0.5578013863828448,-0.5586870306067997,"{""type"":""Point"",""coordinates"":[77.35,28.300000000000004]}"
62,,,0.0003285064520750968,28.3,77.5,0.5456852296988168,-0.5452921873993345,"{""type"":""Point"",""coordinates"":[77.5,28.3]}"
63,,,0.0001811569773166818,28.45,74.5,0.4662245770295458,0.120900778637992,"{""type"":""Point"",""coordinates"":[74.5,28.45]}"
64,,,0.00017583664229577444,28.45,74.65,0.4927769045035047,0.1026997559600406,"{""type"":""Point"",""coordinates"":[74.65000000000002,28.45]}"
65,,,0.00016795001662249813,28.45,74.8,0.5085060033533308,0.0872561660077837,"{""type"":""Point"",""coordinates"":[74.8,28.45]}"
66,,,0.00017643650590196805,28.45,74.95,0.4964203642474282,0.0846750570668114,"{""type"":""Point"",""coordinates"":[74.95,28.45]}"
67,,,0.00020067732651087012,28.45,75.1,0.4404965632491643,0.1097388048966725,"{""type"":""Point"",""coordinates"":[75.1,28.450000000000003]}"
68,,,0.00022193950379809988,28.45,75.25,0.350785395171907,0.1616244521405961,"{""type"":""Point"",""coordinates"":[75.25,28.450000000000003]}"
69,,,0.0002106717434446677,28.45,75.4,0.2935174643993378,0.1745198243194156,"{""type"":""Point"",""coordinates"":[75.4,28.45]}"
70,,,0.00018071355740630792,28.45,75.55,0.163975770605935,0.1919219646188947,"{""type"":""Point"",""coordinates"":[75.55,28.45]}"
71,,,0.0001932605618892046,28.45,75.7,0.157310731543435,0.1900515761640336,"{""type"":""Point"",""coordinates"":[75.7,28.450000000000003]}"
72,,,0.00024172469206014524,28.45,75.85,0.1931482017040252,0.1802489909860822,"{""type"":""Point"",""coordinates"":[75.85000000000001,28.45]}"
73,,,0.00023607157309678996,28.45,76.0,0.2620789335833656,0.1179595622751447,"{""type"":""Point"",""coordinates"":[76.0,28.450000000000003]}"
74,,,0.0002373870316275631,28.45,76.15,0.3164683785703447,-0.0022695230113135,"{""type"":""Point"",""coordinates"":[76.15,28.450000000000003]}"
75,,,0.0002409316722772897,28.45,76.3,0.3413456300894419,-0.0644843531979455,"{""type"":""Point"",""coordinates"":[76.3,28.45]}"
76,,,0.00025176702707827107,28.45,76.45,0.3815620336267682,-0.1918443792396121,"{""type"":""Point"",""coordinates"":[76.45,28.45]}"
77,,,0.0002305536640535208,28.45,76.6,0.3973314834965599,-0.2529046277205148,"{""type"":""Point"",""coordinates"":[76.6,28.450000000000003]}"
78,,,0.00027598208901956936,28.45,76.75,0.4335165149635738,-0.3158498452769385,"{""type"":""Point"",""coordinates"":[76.75,28.45]}"
79,,,0.0002524214656359727,28.45,76.9,0.5052450305885738,-0.4365672118133968,"{""type"":""Point"",""coordinates"":[76.90000000000002,28.450000000000003]}"
80,,,0.00028084266883668477,28.45,77.05,0.56152826084031,-0.5440328286753762,"{""type"":""Point"",""coordinates"":[77.05,28.45]}"
81,,,0.00030514952096485616,28.45,77.2,0.5774713218212129,-0.5949663274817996,"{""type"":""Point"",""coordinates"":[77.2,28.450000000000003]}"
82,,,0.000363890795983231,28.45,77.35,0.5819051868385738,-0.590661992629369,"{""type"":""Point"",""coordinates"":[77.35,28.45]}"
83,,,0.0003617427686243904,28.45,77.5,0.5860576119687823,-0.5857222139835357,"{""type"":""Point"",""coordinates"":[77.5,28.45]}"
84,,,0.00017686686754456648,28.6,74.5,0.3982232749462127,0.0285433974530962,"{""type"":""Point"",""coordinates"":[74.5,28.6]}"
85,,,0.00020126238146197712,28.6,74.65,0.419522170888053,0.0163695964548322,"{""type"":""Point"",""coordinates"":[74.65000000000002,28.6]}"
86,,,0.00019100519375073885,28.6,74.8,0.4254866619904835,0.0268157634470198,"{""type"":""Point"",""coordinates"":[74.8,28.600000000000005]}"
87,,,0.00017763988246600202,28.6,74.95,0.4149489422639211,0.0244801514678531,"{""type"":""Point"",""coordinates"":[74.95,28.6]}"
88,,,0.0001934270942304671,28.6,75.1,0.3591126249896155,0.0495042264461517,"{""type"":""Point"",""coordinates"":[75.1,28.600000000000005]}"
89,,,0.00020385439547085103,28.6,75.25,0.2900889840390948,0.093099264966117,"{""type"":""Point"",""coordinates"":[75.25,28.600000000000005]}"
90,,,0.00019704019938773316,28.6,75.4,0.2534750110573239,0.1021663765112558,"{""type"":""Point"",""coordinates"":[75.4,28.6]}"
91,,,0.0002299947256046836,28.6,75.55,0.124432110124164,0.120606114466985,"{""type"":""Point"",""coordinates"":[75.55,28.6]}"
92,,,0.00023140974769292753,28.6,75.7,0.1238756729496849,0.1176292942629919,"{""type"":""Point"",""coordinates"":[75.7,28.6]}"
93,,,0.0002535958114657464,28.6,75.85,0.1555556317170461,0.1069484810034434,"{""type"":""Point"",""coordinates"":[75.85000000000001,28.600000000000005]}"
94,,,0.00022555447266350945,28.6,76.0,0.1912415312396155,0.0533196018801795,"{""type"":""Point"",""coordinates"":[76.0,28.600000000000005]}"
95,,,0.0002564149880797683,28.6,76.15,0.2429172853628794,-0.0660014159149594,"{""type"":""Point"",""coordinates"":[76.15,28.600000000000005]}"
96,,,0.0002357550841814324,28.6,76.3,0.2674161189132266,-0.1283688339922163,"{""type"":""Point"",""coordinates"":[76.3,28.6]}"
97,,,0.0002400688232200539,28.6,76.45,0.3402927736441294,-0.2483819226423899,"{""type"":""Point"",""coordinates"":[76.45,28.600000000000005]}"
98,,,0.00020827654570553964,28.6,76.6,0.3948344674375322,-0.286958854066001,"{""type"":""Point"",""coordinates"":[76.6,28.600000000000005]}"
99,,,0.00024255000130247529,28.6,76.75,0.4321581436528099,-0.3280192381805842,"{""type"":""Point"",""coordinates"":[76.75,28.600000000000005]}"
100,,,0.00022569974645458707,28.6,76.9,0.5037662843863171,-0.4479160209496814,"{""type"":""Point"",""coordinates"":[76.90000000000002,28.600000000000005]}"
101,,,0.00026175450031561674,28.6,77.05,0.5569882624679142,-0.5386780109670428,"{""type"":""Point"",""coordinates"":[77.05,28.6]}"
102,,,0.0003157482606370005,28.6,77.2,0.5779897815651364,-0.5499837564097511,"{""type"":""Point"",""coordinates"":[77.2,28.6]}"
103,,,0.0003735186003554419,28.6,77.35,0.6021071453889213,-0.5420719047387442,"{""type"":""Point"",""coordinates"":[77.35,28.600000000000005]}"
104,,,0.0003630432458527324,28.6,77.5,0.6062317656146157,-0.5368530597951678,"{""type"":""Point"",""coordinates"":[77.5,28.6]}"
105,,,0.00019734840012105548,28.75,74.5,0.1977115968863171,-0.1304697997040218,"{""type"":""Point"",""coordinates"":[74.5,28.75]}"
106,,,0.00019809963167632556,28.75,74.65,0.1959225886397891,-0.1158257702986399,"{""type"":""Point"",""coordinates"":[74.65000000000002,28.749999999999993]}"
107,,,0.00020887176585294073,28.75,74.8,0.2027968426545459,-0.0940029892656537,"{""type"":""Point"",""coordinates"":[74.8,28.75]}"
108,,,0.0002051698689909258,28.75,74.95,0.2099935657448238,-0.0869856417179107,"{""type"":""Point"",""coordinates"":[74.95,28.75]}"
109,,,0.00018406071805820507,28.75,75.1,0.192164518435796,-0.0678863849904802,"{""type"":""Point"",""coordinates"":[75.1,28.75]}"
110,,,0.00021468622745309017,28.75,75.25,0.1558323244253794,-0.0428785860538482,"{""type"":""Point"",""coordinates"":[75.25,28.750000000000007]}"
111,,,0.0002527099536856618,28.75,75.4,0.1296743518776364,-0.0363596922821468,"{""type"":""Point"",""coordinates"":[75.4,28.75]}"
112,,,0.00022353160315918163,28.75,75.55,0.0754313912656572,-0.0248776230547163,"{""type"":""Point"",""coordinates"":[75.55,28.749999999999993]}"
113,,,0.00024403250232928655,28.75,75.7,0.0712301380104488,-0.0293511609236399,"{""type"":""Point"",""coordinates"":[75.7,28.75]}"
114,,,0.00026982518863883444,28.75,75.85,0.0730381349722544,-0.0462975720564524,"{""type"":""Point"",""coordinates"":[75.85000000000001,28.750000000000007]}"
115,,,0.00025110036519314176,28.75,76.0,0.0855082955625322,-0.1049852483802372,"{""type"":""Point"",""coordinates"":[76.0,28.75]}"
116,,,0.00022125206187946237,28.75,76.15,0.1170004016823238,-0.2138214435842302,"{""type"":""Point"",""coordinates"":[76.15,28.75]}"
117,,,0.00022945799116286817,28.75,76.3,0.1687310874462128,-0.2621517929765912,"{""type"":""Point"",""coordinates"":[76.3,28.75]}"
118,,,0.00024038891970707633,28.75,76.45,0.3425931208663517,-0.3526103026337093,"{""type"":""Point"",""coordinates"":[76.45,28.749999999999993]}"
119,,,0.00026620782247394374,28.75,76.6,0.4081781089305877,-0.3838830212752023,"{""type"":""Point"",""coordinates"":[76.6,28.75]}"
120,,,0.0002697735428282343,28.75,76.75,0.4507233427630531,-0.402610980802112,"{""type"":""Point"",""coordinates"":[76.75,28.75]}"
121,,,0.0002997533524180799,28.75,76.9,0.515944493479199,-0.4380988551510704,"{""type"":""Point"",""coordinates"":[76.90000000000002,28.750000000000007]}"
122,,,0.00031374499927466114,28.75,77.05,0.5506945206059353,-0.434291617737876,"{""type"":""Point"",""coordinates"":[77.05,28.749999999999993]}"
123,,,0.00035711183505695947,28.75,77.2,0.5694916533099282,-0.427299701505237,"{""type"":""Point"",""coordinates"":[77.2,28.750000000000007]}"
124,,,0.00032483375349144546,28.75,77.35,0.6200677573680877,-0.4139991237057579,"{""type"":""Point"",""coordinates"":[77.35,28.75]}"
125,,,0.0003317600764384857,28.75,77.5,0.6481510500113171,-0.4127668917179108,"{""type"":""Point"",""coordinates"":[77.5,28.75]}"
126,,,0.00018003508915969422,28.9,74.5,0.1046353571944765,-0.2165022432804108,"{""type"":""Point"",""coordinates"":[74.5,28.899999999999995]}"
127,,,0.0001894324498590793,28.9,74.65,0.102743606434928,-0.2021871255503759,"{""type"":""Point"",""coordinates"":[74.65000000000002,28.899999999999995]}"
128,,,0.00019256682593970175,28.9,74.8,0.1096053143342336,-0.1803982529375288,"{""type"":""Point"",""coordinates"":[74.8,28.899999999999995]}"
129,,,0.00020817781328956512,28.9,74.95,0.114572219716178,-0.1808373669783275,"{""type"":""Point"",""coordinates"":[74.95,28.899999999999995]}"
130,,,0.00020614846711224875,28.9,75.1,0.1037554336918725,-0.1833415038055844,"{""type"":""Point"",""coordinates"":[75.1,28.899999999999995]}"
131,,,0.00024068579441982563,28.9,75.25,0.0671930015087127,-0.1608120712969038,"{""type"":""Point"",""coordinates"":[75.25,28.899999999999995]}"
132,,,0.00022400806298932875,28.9,75.4,0.042024137576421,-0.1535655028290218,"{""type"":""Point"",""coordinates"":[75.4,28.899999999999995]}"
133,,,0.00022044417249982343,28.9,75.55,0.0163829293515947,-0.115184222989612,"{""type"":""Point"",""coordinates"":[75.55,28.899999999999995]}"
134,,,0.00025042662164356127,28.9,75.7,0.0309462567170461,-0.096512551440133,"{""type"":""Point"",""coordinates"":[75.7,28.899999999999995]}"
135,,,0.0002781589875087319,28.9,75.85,0.0385675132274628,-0.1064056720998552,"{""type"":""Point"",""coordinates"":[75.85000000000001,28.899999999999995]}"
136,,,0.000272018410280322,28.9,76.0,0.0506945206059349,-0.1641283147864871,"{""type"":""Point"",""coordinates"":[76.0,28.899999999999995]}"
137,,,0.0002449594523085854,28.9,76.15,0.1092116375764211,-0.2576568928029802,"{""type"":""Point"",""coordinates"":[76.15,28.899999999999995]}"
138,,,0.00024543415454918237,28.9,76.3,0.1769806669818031,-0.2841444551944733,"{""type"":""Point"",""coordinates"":[76.3,28.899999999999995]}"
139,,,0.00027482749624531687,28.9,76.45,0.3459035999245113,-0.3644436630937788,"{""type"":""Point"",""coordinates"":[76.45,28.899999999999995]}"
140,,,0.0002839955134096095,28.9,76.6,0.415208680762185,-0.3977298637231191,"{""type"":""Point"",""coordinates"":[76.6,28.899999999999995]}"
141,,,0.00028861411173798375,28.9,76.75,0.4539517634444767,-0.4143978867265912,"{""type"":""Point"",""coordinates"":[76.75,28.899999999999995]}"
142,,,0.0002685181796908567,28.9,76.9,0.492829801638921,-0.4519850313663483,"{""type"":""Point"",""coordinates"":[76.90000000000002,28.899999999999995]}"
143,,,0.00030635137310780144,28.9,77.05,0.5274380915694766,-0.4461436278290218,"{""type"":""Point"",""coordinates"":[77.05,28.899999999999995]}"
144,,,0.00031481432629313407,28.9,77.2,0.545569262901942,-0.4391083088186052,"{""type"":""Point"",""coordinates"":[77.2,28.899999999999995]}"
145,,,0.00030320102779527575,28.9,77.35,0.5968628691302403,-0.4357683294349248,"{""type"":""Point"",""coordinates"":[77.35,28.899999999999995]}"
146,,,0.0003029949694586255,28.9,77.5,0.628518752919303,-0.449202506409751,"{""type"":""Point"",""coordinates"":[77.5,28.899999999999995]}"
147,,,0.0001837330549765278,29.05,74.5,0.0210175322161779,-0.29036190311114,"{""type"":""Point"",""coordinates"":[74.5,29.050000000000004]}"
148,,,0.0001903409824435554,29.05,74.65,0.0146247777673932,-0.28995669749048,"{""type"":""Point"",""coordinates"":[74.65000000000002,29.050000000000004]}"
149,,,0.0001839030511076606,29.05,74.8,0.0184381186962127,-0.2781816595130496,"{""type"":""Point"",""coordinates"":[74.8,29.050000000000004]}"
150,,,0.00018818303422304163,29.05,74.95,0.0205116185877058,-0.2881754881805843,"{""type"":""Point"",""coordinates"":[74.95,29.050000000000004]}"
151,,,0.00023101922478973403,29.05,75.1,0.008004836903678,-0.2992710014184316,"{""type"":""Point"",""coordinates"":[75.1,29.050000000000004]}"
152,,,0.0002168465793445563,29.05,75.25,-0.0245085908306969,-0.2872029946910011,"{""type"":""Point"",""coordinates"":[75.25,29.050000000000004]}"
153,,,0.0002180084429816171,29.05,75.4,-0.0416041990121205,-0.2709049125512441,"{""type"":""Point"",""coordinates"":[75.4,29.050000000000004]}"
154,,,0.00024157532401294912,29.05,75.55,-0.0334868623150719,-0.1954688502682579,"{""type"":""Point"",""coordinates"":[75.55,29.050000000000004]}"
155,,,0.00024744677166484337,29.05,75.7,-0.01836675869094,-0.1750956541962094,"{""type"":""Point"",""coordinates"":[75.7,29.050000000000004]}"
156,,,0.0002492947936007749,29.05,75.85,-0.000926980045106715,-0.173129983080758,"{""type"":""Point"",""coordinates"":[75.85000000000001,29.050000000000004]}"
157,,,0.00025549020728626875,29.05,76.0,0.0258365968863168,-0.2168331894609663,"{""type"":""Point"",""coordinates"":[76.0,29.050000000000004]}"
158,,,0.00024536513094714104,29.05,76.15,0.1338281333446502,-0.2802456650469038,"{""type"":""Point"",""coordinates"":[76.15,29.050000000000004]}"
159,,,0.00026043908143556197,29.05,76.3,0.2013204700416989,-0.3065121445390912,"{""type"":""Point"",""coordinates"":[76.3,29.050000000000004]}"
160,,,0.00024558265409923685,29.05,76.45,0.3462257299158308,-0.3681108587317997,"{""type"":""Point"",""coordinates"":[76.45,29.050000000000004]}"
161,,,0.0002560642777049129,29.05,76.6,0.4165378908316293,-0.4035990721649594,"{""type"":""Point"",""coordinates"":[76.6,29.050000000000004]}"
162,,,0.0002599401578815483,29.05,76.75,0.4429532282882266,-0.4233151230547164,"{""type"":""Point"",""coordinates"":[76.75,29.050000000000004]}"
163,,,0.0002556757041644935,29.05,76.9,0.4580807917647892,-0.4700012531545426,"{""type"":""Point"",""coordinates"":[76.90000000000002,29.050000000000004]}"
164,,,0.0002812491532639883,29.05,77.05,0.5007480959097548,-0.471631230910619,"{""type"":""Point"",""coordinates"":[77.05,29.050000000000004]}"
165,,,0.0003038374399566078,29.05,77.2,0.517637879980935,-0.4646399928463829,"{""type"":""Point"",""coordinates"":[77.2,29.050000000000004]}"
166,,,0.00028650971283996214,29.05,77.35,0.5703644560443032,-0.4840698566701676,"{""type"":""Point"",""coordinates"":[77.35,29.050000000000004]}"
167,,,0.00030103305790639336,29.05,77.5,0.5995870716041989,-0.5056488361623552,"{""type"":""Point"",""coordinates"":[77.5,29.050000000000004]}"
168,,,0.00020553040542187293,29.2,74.5,-0.0874056584305234,-0.3605509764618342,"{""type"":""Point"",""coordinates"":[74.5,29.200000000000003]}"
169,,,0.0002233365337811288,29.2,74.65,-0.0842698077360789,-0.3654354843828413,"{""type"":""Point"",""coordinates"":[74.65000000000002,29.200000000000003]}"
170,,,0.00020968872076724743,29.2,74.8,-0.0774755775928496,-0.375443215502633,"{""type"":""Point"",""coordinates"":[74.8,29.200000000000003]}"
171,,,0.0002184377378619557,29.2,74.95,-0.0800454967551761,-0.3855523327986399,"{""type"":""Point"",""coordinates"":[74.95,29.200000000000003]}"
172,,,0.0002482830997004576,29.2,75.1,-0.0927994708220163,-0.3963182561927371,"{""type"":""Point"",""coordinates"":[75.1,29.200000000000003]}"
173,,,0.0002561688205627386,29.2,75.25,-0.1374378714296552,-0.3670844508541954,"{""type"":""Point"",""coordinates"":[75.25,29.200000000000003]}"
174,,,0.00024232234700924613,29.2,75.4,-0.148789393239551,-0.3267178330156536,"{""type"":""Point"",""coordinates"":[75.4,29.200000000000003]}"
175,,,0.0002670091466504917,29.2,75.55,-0.13880132900344,-0.2344316595130496,"{""type"":""Point"",""coordinates"":[75.55,29.200000000000003]}"
176,,,0.00025799521320683534,29.2,75.7,-0.122348963552051,-0.2201029784149593,"{""type"":""Point"",""coordinates"":[75.7,29.200000000000003]}"
177,,,0.00023540662234223744,29.2,75.85,-0.1020883434348636,-0.217917580737008,"{""type"":""Point"",""coordinates"":[75.85000000000001,29.200000000000003]}"
178,,,0.00020657464314122255,29.2,76.0,-0.0034768932395511,-0.2592519448863136,"{""type"":""Point"",""coordinates"":[76.0,29.200000000000003]}"
179,,,0.00026583359745441416,29.2,76.15,0.1365909914175669,-0.3152381373776328,"{""type"":""Point"",""coordinates"":[76.15,29.200000000000003]}"
180,,,0.00025882013017932125,29.2,76.3,0.2044705622726015,-0.3419159260061051,"{""type"":""Point"",""coordinates"":[76.3,29.200000000000003]}"
181,312.1700134277344,,0.00024964949323557907,29.2,76.45,0.3421350181102752,-0.3952430201901331,"{""type"":""Point"",""coordinates"":[76.45,29.200000000000003]}"
182,,,0.0002614915233927271,29.2,76.6,0.4125414444340599,-0.3988420599036746,"{""type"":""Point"",""coordinates"":[76.6,29.200000000000003]}"
183,313.67999267578125,,0.0002835364045485579,29.2,76.75,0.4653921253151364,-0.3961097194088828,"{""type"":""Point"",""coordinates"":[76.75,29.200000000000003]}"
184,,,0.00025096987527011266,29.2,76.9,0.4948012371857962,-0.4311344047387442,"{""type"":""Point"",""coordinates"":[76.90000000000002,29.200000000000003]}"
185,,,0.00029814672565749633,29.2,77.05,0.544765294260449,-0.4365889132022857,"{""type"":""Point"",""coordinates"":[77.05,29.200000000000003]}"
186,,,0.0003047450043841706,29.2,77.2,0.5762845271163517,-0.4466369953420429,"{""type"":""Point"",""coordinates"":[77.2,29.200000000000003]}"
187,,,0.0002917913615920851,29.2,77.35,0.6198483698897893,-0.4968126409583621,"{""type"":""Point"",""coordinates"":[77.35,29.200000000000003]}"
188,,,0.00029153564159027965,29.2,77.5,0.6519250571727753,-0.5182895561059315,"{""type"":""Point"",""coordinates"":[77.5,29.200000000000003]}"
189,,,0.00019181365910140007,29.35,74.5,-0.1024681177404191,-0.3784485187795427,"{""type"":""Point"",""coordinates"":[74.5,29.35]}"
190,,,0.0002040413650300287,29.35,74.65,-0.0817734698454538,-0.3841519150469039,"{""type"":""Point"",""coordinates"":[74.65000000000002,29.35]}"
191,,,0.0002189549369625343,29.35,74.8,-0.0754793888992733,-0.3922906140486398,"{""type"":""Point"",""coordinates"":[74.8,29.35]}"
192,,,0.00022403432519443376,29.35,74.95,-0.0859255558914609,-0.3950551675425636,"{""type"":""Point"",""coordinates"":[74.95,29.35]}"
193,,,0.0002432371953179787,29.35,75.1,-0.1397263507048289,-0.378633658753501,"{""type"":""Point"",""coordinates"":[75.1,29.35]}"
194,,,0.000233389359896034,29.35,75.25,-0.1959037866857315,-0.3281809813446469,"{""type"":""Point"",""coordinates"":[75.25,29.35]}"
195,,,0.00025505037991060085,29.35,75.4,-0.2111924151579537,-0.2907779594262439,"{""type"":""Point"",""coordinates"":[75.4,29.35]}"
196,,,0.0002599389999295106,29.35,75.55,-0.2189808401796553,-0.221588506301244,"{""type"":""Point"",""coordinates"":[75.55,29.35]}"
197,,,0.00026573233377159773,29.35,75.7,-0.1941727618376414,-0.222409768237008,"{""type"":""Point"",""coordinates"":[75.7,29.35]}"
198,,,0.0002275725498669399,29.35,75.85,-0.1558114879661136,-0.2393778807587093,"{""type"":""Point"",""coordinates"":[75.85000000000001,29.35]}"
199,,,0.00023758135368558297,29.35,76.0,-0.0549485186735788,-0.2840844372908274,"{""type"":""Point"",""coordinates"":[76.0,29.35]}"
200,,,0.00026462444249712085,29.35,76.15,0.1075545330842335,-0.3538835638099246,"{""type"":""Point"",""coordinates"":[76.15,29.35]}"
201,309.32000732421875,,0.0002593525193420413,29.35,76.3,0.1828359729713863,-0.3758891112274592,"{""type"":""Point"",""coordinates"":[76.3,29.35]}"
202,,,0.0002683934923134764,29.35,76.45,0.321347122059928,-0.4193552977508968,"{""type"":""Point"",""coordinates"":[76.45,29.35]}"
203,,,0.0002281258267370944,29.35,76.6,0.3907325658533308,-0.4271247340573205,"{""type"":""Point"",""coordinates"":[76.6,29.35]}"
204,,,0.0002527537614521811,29.35,76.75,0.4643290963437822,-0.4066738877031539,"{""type"":""Point"",""coordinates"":[76.75,29.35]}"
205,,,0.00027673673720947275,29.35,76.9,0.5981286704540252,-0.3879805147647858,"{""type"":""Point"",""coordinates"":[76.90000000000002,29.35]}"
206,,,0.0002944599016764506,29.35,77.05,0.6721256593863167,-0.396591897143258,"{""type"":""Point"",""coordinates"":[77.05,29.35]}"
207,,,0.00029042404766068205,29.35,77.2,0.7061530980798933,-0.4053385741180844,"{""type"":""Point"",""coordinates"":[77.2,29.35]}"
208,,,0.0002636444183186542,29.35,77.35,0.7380849964088865,-0.4659932778941261,"{""type"":""Point"",""coordinates"":[77.35,29.35]}"
209,,,0.0002722617471863574,29.35,77.5,0.7217862361007265,-0.4645409802595773,"{""type"":""Point"",""coordinates"":[77.5,29.35]}"
210,,,0.00024166467937022863,29.5,74.5,-0.0816412270069122,-0.3846062878767648,"{""type"":""Point"",""coordinates"":[74.5,29.499999999999996]}"
211,317.1000061035156,,0.00023949383423451555,29.5,74.65,-0.0620167288515302,-0.3908542533715566,"{""type"":""Point"",""coordinates"":[74.65000000000002,29.499999999999996]}"
212,349.79998779296875,,0.00021262838175977025,29.5,74.8,-0.0560281627708011,-0.3989834580156539,"{""type"":""Point"",""coordinates"":[74.8,29.500000000000004]}"
213,,,0.0002059599402268191,29.5,74.95,-0.0843800101015302,-0.4028049369653066,"{""type"":""Point"",""coordinates"":[74.95,29.500000000000004]}"
214,319.6300048828125,,0.00025835512740872874,29.5,75.1,-0.1591555363602107,-0.3883958929114871,"{""type"":""Point"",""coordinates"":[75.1,29.500000000000004]}"
215,,,0.00022889709755911087,29.5,75.25,-0.2175566865338219,-0.3413594888316262,"{""type"":""Point"",""coordinates"":[75.25,29.500000000000004]}"
216,,,0.00024424221280463273,29.5,75.4,-0.2313204533523982,-0.3029059840573206,"{""type"":""Point"",""coordinates"":[75.4,29.500000000000004]}"
217,,,0.0002537933654442515,29.5,75.55,-0.2368200600147246,-0.2619534287187788,"{""type"":""Point"",""coordinates"":[75.55,29.500000000000004]}"
218,,,0.000246953358841889,29.5,75.7,-0.1976205699973636,-0.2775034911102718,"{""type"":""Point"",""coordinates"":[75.7,29.500000000000004]}"
219,,,0.0002638293511360008,29.5,75.85,-0.1462679631180233,-0.3006083495087094,"{""type"":""Point"",""coordinates"":[75.85000000000001,29.500000000000004]}"
220,,,0.0002537342437417495,29.5,76.0,-0.0437628090381622,-0.3460758109887439,"{""type"":""Point"",""coordinates"":[76.0,29.500000000000004]}"
221,,,0.00025982300417624297,29.5,76.15,0.105628873904546,-0.4041266871823205,"{""type"":""Point"",""coordinates"":[76.15,29.500000000000004]}"
222,,,0.0002651431440325156,29.5,76.3,0.1850593480798933,-0.4186805201901329,"{""type"":""Point"",""coordinates"":[76.3,29.499999999999996]}"
223,,,0.0002800569997245089,29.5,76.45,0.3463423748811086,-0.4479733261797164,"{""type"":""Point"",""coordinates"":[76.45,29.500000000000004]}"
224,,,0.00026242846693432995,29.5,76.6,0.4157858020729488,-0.4560147080156537,"{""type"":""Point"",""coordinates"":[76.6,29.500000000000004]}"
225,,,0.00025562350739010645,29.5,76.75,0.4924585044384002,-0.438147344191869,"{""type"":""Point"",""coordinates"":[76.75,29.500000000000004]}"
226,,,0.0002692998721332842,29.5,76.9,0.6463901857535045,-0.4309275633758969,"{""type"":""Point"",""coordinates"":[76.90000000000002,29.500000000000004]}"
227,,,0.0003266010939320407,29.5,77.05,0.6840139514870116,-0.4750169866614871,"{""type"":""Point"",""coordinates"":[77.05,29.499999999999996]}"
228,,,0.0002650763877220724,29.5,77.2,0.7208930883142683,-0.4802843206458621,"{""type"":""Point"",""coordinates"":[77.2,29.500000000000004]}"
229,311.20001220703125,,0.00027245578713894886,29.5,77.35,0.7364512887265947,-0.5302995794349247,"{""type"":""Point"",""coordinates"":[77.35,29.500000000000004]}"
230,,,0.00029014975408805975,29.5,77.5,0.7178871068689555,-0.526718850268258,"{""type"":""Point"",""coordinates"":[77.5,29.499999999999996]}"
231,,,0.00025713633108303066,29.65,74.5,-0.0668062931961483,-0.4004126979245079,"{""type"":""Point"",""coordinates"":[74.5,29.650000000000002]}"
232,,,0.0002245810245145264,29.65,74.65,-0.0532280054357316,-0.4073737574948205,"{""type"":""Point"",""coordinates"":[74.65000000000002,29.650000000000002]}"
233,,,0.00024225043709213975,29.65,74.8,-0.0789682262473636,-0.4058488958411747,"{""type"":""Point"",""coordinates"":[74.8,29.650000000000006]}"
234,,,0.00020979228194173232,29.65,74.95,-0.1239107853836483,-0.4105970919132232,"{""type"":""Point"",""coordinates"":[74.95,29.650000000000002]}"
235,,,0.0002460850677993586,29.65,75.1,-0.2005214353402455,-0.3963474174340567,"{""type"":""Point"",""coordinates"":[75.1,29.650000000000002]}"
236,,,0.0002339838931250582,29.65,75.25,-0.2351219263341691,-0.3689263562361399,"{""type"":""Point"",""coordinates"":[75.25,29.650000000000002]}"
237,,,0.00024034808500961657,29.65,75.4,-0.207812084754308,-0.3768097248342302,"{""type"":""Point"",""coordinates"":[75.4,29.650000000000002]}"
238,,,0.00023632927848637412,29.65,75.55,-0.2098496417204539,-0.3627852022647856,"{""type"":""Point"",""coordinates"":[75.55,29.650000000000002]}"
239,,,0.000246970390766556,29.65,75.7,-0.1691595375537873,-0.3791884005069732,"{""type"":""Point"",""coordinates"":[75.7,29.650000000000006]}"
240,,,0.00023499047031351055,29.65,75.85,-0.1094132403532663,-0.406278176440133,"{""type"":""Point"",""coordinates"":[75.85000000000001,29.650000000000002]}"
241,,,0.0002742906192977106,29.65,76.0,0.0088701797856225,-0.4533352646562788,"{""type"":""Point"",""coordinates"":[76.0,29.650000000000006]}"
242,,,0.000266381840098768,29.65,76.15,0.1398489124245114,-0.4965864717960357,"{""type"":""Point"",""coordinates"":[76.15,29.650000000000002]}"
243,,,0.0002377824230297505,29.65,76.3,0.2221554987960391,-0.5094838784800636,"{""type"":""Point"",""coordinates"":[76.3,29.650000000000002]}"
244,,,0.0002733199477961367,29.65,76.45,0.4048784805668724,-0.5212117837535011,"{""type"":""Point"",""coordinates"":[76.45,29.650000000000002]}"
245,,,0.00028166668587237324,29.65,76.6,0.4653385500113171,-0.5122938692569731,"{""type"":""Point"",""coordinates"":[76.6,29.650000000000006]}"
246,,,0.00028325809549249763,29.65,76.75,0.5419997235139211,-0.5037445392873551,"{""type"":""Point"",""coordinates"":[76.75,29.650000000000006]}"
247,,,0.0002946417249966936,29.65,76.9,0.6918088191085391,-0.5092370251814525,"{""type"":""Point"",""coordinates"":[76.90000000000002,29.650000000000006]}"
248,,,0.0002751908418002353,29.65,77.05,0.7035126494036779,-0.5670851290225982,"{""type"":""Point"",""coordinates"":[77.05,29.650000000000002]}"
249,,,0.00028632820624546095,29.65,77.2,0.6604587892691296,-0.5744707220130498,"{""type"":""Point"",""coordinates"":[77.2,29.650000000000006]}"
250,,,0.0003052235808026656,29.65,77.35,0.5965010662873586,-0.5751444823212093,"{""type"":""Point"",""coordinates"":[77.35,29.650000000000006]}"
251,,,0.00027752459718753344,29.65,77.5,0.5689121584097545,-0.5614593830373552,"{""type"":""Point"",""coordinates"":[77.5,29.650000000000002]}"
252,,,0.00022669197600976853,29.8,74.5,-0.1168466442161136,-0.4186889972951677,"{""type"":""Point"",""coordinates"":[74.5,29.800000000000004]}"
253,,,0.0002379241068759169,29.8,74.65,-0.1143720077143774,-0.4188232746389178,"{""type"":""Point"",""coordinates"":[74.65000000000002,29.799999999999997]}"
254,,,0.0002378971420806292,29.8,74.8,-0.129758631520801,-0.4054040173689525,"{""type"":""Point"",""coordinates"":[74.8,29.800000000000004]}"
255,,,0.00024560176982931783,29.8,74.95,-0.1540655434131622,-0.4009009791745079,"{""type"":""Point"",""coordinates"":[74.95,29.800000000000004]}"
256,,,0.0002358757898361242,29.8,75.1,-0.2201900144418079,-0.3895433538489872,"{""type"":""Point"",""coordinates"":[75.1,29.800000000000004]}"
257,,,0.0002404415546809217,29.8,75.25,-0.195325987206565,-0.3795285019609664,"{""type"":""Point"",""coordinates"":[75.25,29.800000000000004]}"
258,313.510009765625,,0.0002577663443543772,29.8,75.4,-0.1550485485129886,-0.3959038952986399,"{""type"":""Point"",""coordinates"":[75.4,29.800000000000004]}"
259,316.30999755859375,,0.0002555693757085528,29.8,75.55,-0.1154146916336484,-0.4095391492048899,"{""type"":""Point"",""coordinates"":[75.55,29.800000000000004]}"
260,314.489990234375,,0.0002430175527267634,29.8,75.7,-0.0768248750103844,-0.4232103460364872,"{""type"":""Point"",""coordinates"":[75.7,29.800000000000004]}"
261,335.8299865722656,,0.0002676280892818946,29.8,75.85,-0.0128864798280928,-0.4487796684106191,"{""type"":""Point"",""coordinates"":[75.85000000000001,29.800000000000004]}"
262,325.5899963378906,,0.00024690899383484504,29.8,76.0,0.1133013321293724,-0.4919600069522857,"{""type"":""Point"",""coordinates"":[76.0,29.800000000000004]}"
263,319.79998779296875,,0.00026407383570716225,29.8,76.15,0.2190671198897891,-0.5334150850772859,"{""type"":""Point"",""coordinates"":[76.15,29.800000000000004]}"
264,,,0.00027445821791161144,29.8,76.3,0.2989051732752058,-0.5475803275903066,"{""type"":""Point"",""coordinates"":[76.3,29.800000000000004]}"
265,,,0.00028581861236099033,29.8,76.45,0.4596331192387474,-0.5500610676076678,"{""type"":""Point"",""coordinates"":[76.45,29.800000000000004]}"
266,,,0.0002885760129510921,29.8,76.6,0.5092282527022892,-0.5380527396996816,"{""type"":""Point"",""coordinates"":[76.6,29.800000000000004]}"
267,,,0.0002651534580517155,29.8,76.75,0.5443770428498586,-0.5176561468177371,"{""type"":""Point"",""coordinates"":[76.75,29.800000000000004]}"
268,,,0.00026112323617709496,29.8,76.9,0.6682936688264208,-0.5146945854028067,"{""type"":""Point"",""coordinates"":[76.90000000000002,29.800000000000004]}"
269,,,0.00025743815481487703,29.8,77.05,0.6200202855798934,-0.5293548908498552,"{""type"":""Point"",""coordinates"":[77.05,29.800000000000004]}"
270,311.6199951171875,,0.0002807501963211536,29.8,77.2,0.5402493708663516,-0.5129577961232927,"{""type"":""Point"",""coordinates"":[77.2,29.800000000000004]}"
271,,,0.0002745935946684612,29.8,77.35,0.3824209339088865,-0.5032803330156538,"{""type"":""Point"",""coordinates"":[77.35,29.800000000000004]}"
272,,,0.00027707038678621734,29.8,77.5,0.3531674616866642,-0.4876933104462094,"{""type"":""Point"",""coordinates"":[77.5,29.800000000000004]}"
273,315.25,,0.00024514875378315026,29.95,74.5,-0.1784751978185442,-0.4300418754418691,"{""type"":""Point"",""coordinates"":[74.5,29.95]}"
274,,,0.0002154200399398675,29.95,74.65,-0.181541536251704,-0.4267239365312789,"{""type"":""Point"",""coordinates"":[74.65000000000002,29.95]}"
275,,,0.00024045302309322905,29.95,74.8,-0.1963035669591692,-0.4119385090139176,"{""type"":""Point"",""coordinates"":[74.8,29.95]}"
276,,,0.0002283791569666596,29.95,74.95,-0.2072390324539607,-0.4014604681067998,"{""type"":""Point"",""coordinates"":[74.95,29.95]}"
277,,,0.00026492734596420697,29.95,75.1,-0.212577235036426,-0.3902361028724245,"{""type"":""Point"",""coordinates"":[75.1,29.95]}"
278,,,0.00027319831523189955,29.95,75.25,-0.1571373071935441,-0.3879642387231191,"{""type"":""Point"",""coordinates"":[75.25,29.95]}"
279,,,0.0002714326084300031,29.95,75.4,-0.1164051565859052,-0.4052110784583622,"{""type"":""Point"",""coordinates"":[75.4,29.95]}"
280,,,0.00023545216712777495,29.95,75.55,-0.0333573321501413,-0.4480384303463831,"{""type"":""Point"",""coordinates"":[75.55,29.95]}"
281,,,0.0002603093415526319,29.95,75.7,0.0200735217995114,-0.4657013263967302,"{""type"":""Point"",""coordinates"":[75.7,29.95]}"
282,310.6000061035156,,0.00026963190064336137,29.95,75.85,0.0927596112092336,-0.4880585041311051,"{""type"":""Point"",""coordinates"":[75.85000000000001,29.95]}"
283,,,0.0002645903403452398,29.95,76.0,0.2203332602977752,-0.5306715548038483,"{""type"":""Point"",""coordinates"":[76.0,29.95]}"
284,,,0.0002855821751402161,29.95,76.15,0.3075938668515947,-0.5701426512665219,"{""type"":""Point"",""coordinates"":[76.15,29.950000000000006]}"
285,,,0.00027489875366828895,29.95,76.3,0.3705729928281573,-0.5821536918481189,"{""type"":""Point"",""coordinates"":[76.3,29.95]}"
286,,,0.00030122621724923404,29.95,76.45,0.5073626114262478,-0.5761339300208621,"{""type"":""Point"",""coordinates"":[76.45,29.95]}"
287,,,0.0002457762990371282,29.95,76.6,0.5606076472335391,-0.5659885307153066,"{""type"":""Point"",""coordinates"":[76.6,29.95]}"
288,,,0.0002648209070979818,29.95,76.75,0.5858531441953446,-0.5422933267222508,"{""type"":""Point"",""coordinates"":[76.75,29.950000000000006]}"
289,,,0.00029126544534454046,29.95,76.9,0.6444947050677408,-0.5129706813229455,"{""type"":""Point"",""coordinates"":[76.90000000000002,29.95]}"
290,,,0.0002649583611453767,29.95,77.05,0.5086972468429141,-0.4706587374210357,"{""type"":""Point"",""coordinates"":[77.05,29.95]}"
291,,,0.0002718808838181463,29.95,77.2,0.4268209583229489,-0.4503601398732926,"{""type"":""Point"",""coordinates"":[77.2,29.950000000000006]}"
292,,,0.0002598915112082974,29.95,77.35,0.2276835885312822,-0.4375010497040218,"{""type"":""Point"",""coordinates"":[77.35,29.950000000000006]}"
293,,,0.00029568667736514285,29.95,77.5,0.1454607559574975,-0.4236230115095775,"{""type"":""Point"",""coordinates"":[77.5,29.95]}"
294,316.3699951171875,,0.00022315046421881397,30.1,74.5,-0.2280872854921553,-0.4090179767873551,"{""type"":""Point"",""coordinates"":[74.5,30.099999999999998]}"
295,,,0.0002028166690582093,30.1,74.65,-0.2250457002056969,-0.409283818801244,"{""type"":""Point"",""coordinates"":[74.65000000000002,30.099999999999998]}"
296,314.2200012207031,,0.0002497476660447354,30.1,74.8,-0.2323767006397246,-0.4025160372257232,"{""type"":""Point"",""coordinates"":[74.8,30.099999999999998]}"
297,322.0799865722656,,0.00022061216533524535,30.1,74.95,-0.229154383473926,-0.4081112656328412,"{""type"":""Point"",""coordinates"":[74.95,30.099999999999998]}"
298,318.7099914550781,,0.00023826777232930992,30.1,75.1,-0.1904207951492734,-0.4584313611189525,"{""type"":""Point"",""coordinates"":[75.1,30.100000000000005]}"
299,324.5199890136719,,0.0002443155594081849,30.1,75.25,-0.1318497637907663,-0.4895636989010706,"{""type"":""Point"",""coordinates"":[75.25,30.099999999999998]}"
300,311.2300109863281,,0.0002722767702043322,30.1,75.4,-0.0894198185867733,-0.5084974825382234,"{""type"":""Point"",""coordinates"":[75.4,30.099999999999998]}"
301,,,0.000247773532163735,30.1,75.55,0.0296068741215599,-0.577441777785619,"{""type"":""Point"",""coordinates"":[75.55,30.099999999999998]}"
302,321.7799987792969,,0.00025509875522734685,30.1,75.7,0.0891714221901363,-0.5820672253767649,"{""type"":""Point"",""coordinates"":[75.7,30.099999999999998]}"
303,,,0.00026234838405548243,30.1,75.85,0.1495813071727752,-0.5802632974253759,"{""type"":""Point"",""coordinates"":[75.85000000000001,30.100000000000005]}"
304,312.6700134277344,,0.00026857045523899476,30.1,76.0,0.2718503230147892,-0.6152238958411747,"{""type"":""Point"",""coordinates"":[76.0,30.099999999999998]}"
305,,,0.0002552859440137044,30.1,76.15,0.3315071019861433,-0.5909237656328412,"{""type"":""Point"",""coordinates"":[76.15,30.099999999999998]}"
306,,,0.0002586414567034233,30.1,76.3,0.3704468535052406,-0.5549028509192997,"{""type"":""Point"",""coordinates"":[76.3,30.099999999999998]}"
307,314.6499938964844,,0.00029271042995048066,30.1,76.45,0.4832211726241641,-0.4928551892439524,"{""type"":""Point"",""coordinates"":[76.45,30.099999999999998]}"
308,,311.010009765625,0.0002802746636906765,30.1,76.6,0.5322914037439558,-0.4796125948429109,"{""type"":""Point"",""coordinates"":[76.6,30.100000000000005]}"
309,,,0.00028415750914831796,30.1,76.75,0.5578678468863171,-0.4475237005286745,"{""type"":""Point"",""coordinates"":[76.75,30.100000000000005]}"
310,,,0.0002801471541951584,30.1,76.9,0.5617388321293725,-0.3593946993350982,"{""type"":""Point"",""coordinates"":[76.90000000000002,30.100000000000005]}"
311,,,0.00027936560105879026,30.1,77.05,0.3734830134444766,-0.2689840005503761,"{""type"":""Point"",""coordinates"":[77.05,30.099999999999998]}"
312,,,0.00027826770445354244,30.1,77.2,0.2904674020078447,-0.2453162623776329,"{""type"":""Point"",""coordinates"":[77.2,30.100000000000005]}"
313,,,0.000295859875841765,30.1,77.35,0.0276449329323239,-0.2788320230113136,"{""type"":""Point"",""coordinates"":[77.35,30.099999999999998]}"
314,,,0.0003003668247726212,30.1,77.5,-0.1350056204530928,-0.3274746689531538,"{""type"":""Point"",""coordinates"":[77.5,30.099999999999998]}"
315,316.70001220703125,,0.0002648191919673557,30.25,74.5,-0.2274674395720163,-0.3676378362708622,"{""type"":""Point"",""coordinates"":[74.5,30.25]}"
316,,,0.00023803223181785777,30.25,74.65,-0.2194179197152456,-0.3707997964488135,"{""type"":""Point"",""coordinates"":[74.65000000000002,30.25]}"
317,309.0299987792969,,0.0002300097624544488,30.25,74.8,-0.1967854056093428,-0.4177178601423897,"{""type"":""Point"",""coordinates"":[74.8,30.25]}"
318,313.3599853515625,,0.0002684206528569646,30.25,74.95,-0.184730284081565,-0.4337416231632233,"{""type"":""Point"",""coordinates"":[74.95,30.250000000000007]}"
319,325.1600036621094,,0.00026636575829815334,30.25,75.1,-0.1681951820850373,-0.4734412623776329,"{""type"":""Point"",""coordinates"":[75.1,30.250000000000007]}"
320,,,0.00024609963529570943,30.25,75.25,-0.1171518199973636,-0.5258572373125288,"{""type"":""Point"",""coordinates"":[75.25,30.250000000000007]}"
321,,316.1499938964844,0.0002588575148273902,30.25,75.4,-0.0853677623801761,-0.5375034232934316,"{""type"":""Point"",""coordinates"":[75.4,30.249999999999996]}"
322,313.739990234375,,0.00023121207792025348,30.25,75.55,0.0326538847552405,-0.6094879474904801,"{""type"":""Point"",""coordinates"":[75.55,30.249999999999996]}"
323,320.5400085449219,,0.0002215987875921837,30.25,75.7,0.0779636720816294,-0.6351044025686056,"{""type"":""Point"",""coordinates"":[75.7,30.249999999999996]}"
324,,,0.000262478122837684,30.25,75.85,0.1341238147682613,-0.6323340846432579,"{""type"":""Point"",""coordinates"":[75.85000000000001,30.250000000000007]}"
325,324.04998779296875,,0.000268590855131091,30.25,76.0,0.2622647517257266,-0.6411017848385703,"{""type"":""Point"",""coordinates"":[76.0,30.25]}"
326,317.0199890136719,,0.00026917885457855974,30.25,76.15,0.3279094186094073,-0.5989241182804108,"{""type"":""Point"",""coordinates"":[76.15,30.250000000000007]}"
327,,,0.0002709474872234703,30.25,76.3,0.3962884604930877,-0.5792741888099247,"{""type"":""Point"",""coordinates"":[76.3,30.25]}"
328,,,0.0002791671705166374,30.25,76.45,0.5111691706710393,-0.499161477221383,"{""type"":""Point"",""coordinates"":[76.45,30.25]}"
329,,,0.00027114818118211735,30.25,76.6,0.5048852622509,-0.516635842455758,"{""type"":""Point"",""coordinates"":[76.6,30.250000000000007]}"
330,,,0.00025035271002314273,30.25,76.75,0.5035021377934351,-0.5092773762014177,"{""type"":""Point"",""coordinates"":[76.75,30.250000000000007]}"
331,,,0.0002585324858797344,30.25,76.9,0.4770766278107961,-0.4275048474470775,"{""type"":""Point"",""coordinates"":[76.90000000000002,30.25]}"
332,,,0.00028053625995846346,30.25,77.05,0.2804606881406572,-0.3376356661319732,"{""type"":""Point"",""coordinates"":[77.05,30.25]}"
333,,,0.0002648398333684666,30.25,77.2,0.179330520497428,-0.2733985377682579,"{""type"":""Point"",""coordinates"":[77.2,30.250000000000007]}"
334,,,0.00028501437676123874,30.25,77.35,-0.1116423798931969,-0.2798764023515913,"{""type"":""Point"",""coordinates"":[77.35,30.25]}"
335,,,0.0002692948804661857,30.25,77.5,-0.226226391394933,-0.3034783581892649,"{""type"":""Point"",""coordinates"":[77.5,30.249999999999996]}"
336,319.94000244140625,,0.00023646992588516056,30.4,74.5,-0.1938675860563914,-0.3419650932153064,"{""type"":""Point"",""coordinates"":[74.5,30.4]}"
337,,,0.00023817140277792228,30.4,74.65,-0.1863972220155927,-0.3529514213403066,"{""type"":""Point"",""coordinates"":[74.65000000000002,30.4]}"
338,,,0.0002459345679637885,30.4,74.8,-0.162415830956565,-0.4184194253550635,"{""type"":""Point"",""coordinates"":[74.8,30.4]}"
339,,,0.00025197169206053364,30.4,74.95,-0.1507133569982317,-0.439818012052112,"{""type"":""Point"",""coordinates"":[74.95,30.4]}"
340,,,0.00024390054608987497,30.4,75.1,-0.149509608083301,-0.4733527614010704,"{""type"":""Point"",""coordinates"":[75.1,30.4]}"
341,312.9200134277344,,0.000237824018197691,30.4,75.25,-0.1090734779834747,-0.5095266030894384,"{""type"":""Point"",""coordinates"":[75.25,30.4]}"
342,,,0.0002602565512431321,30.4,75.4,-0.0870682696501413,-0.5067101697127024,"{""type"":""Point"",""coordinates"":[75.4,30.4]}"
343,313.260009765625,,0.00026613166179626126,30.4,75.55,0.0027585261397891,-0.5549808402856193,"{""type"":""Point"",""coordinates"":[75.55,30.4]}"
344,,,0.00025089203196202847,30.4,75.7,0.0402537789609697,-0.5848019394609664,"{""type"":""Point"",""coordinates"":[75.7,30.4]}"
345,,,0.0002633841062746922,30.4,75.85,0.0851475099722544,-0.598892922533883,"{""type"":""Point"",""coordinates"":[75.85000000000001,30.4]}"
346,312.3999938964844,,0.0002579465883794882,30.4,76.0,0.2226478490564558,-0.6269002603160009,"{""type"":""Point"",""coordinates"":[76.0,30.4]}"
347,,,0.00026304815104197986,30.4,76.15,0.3361654407448239,-0.6196363985538481,"{""type"":""Point"",""coordinates"":[76.15,30.4]}"
348,,,0.0002566188061974936,30.4,76.3,0.4163256241215601,-0.6036641763316261,"{""type"":""Point"",""coordinates"":[76.3,30.4]}"
349,,,0.0002863568148979386,30.4,76.45,0.5479648927847546,-0.5617001328203414,"{""type"":""Point"",""coordinates"":[76.45,30.4]}"
350,,315.4100036621094,0.00026997569805065107,30.4,76.6,0.5290066950851017,-0.5942962970998554,"{""type"":""Point"",""coordinates"":[76.6,30.4]}"
351,,,0.0002719507281750254,30.4,76.75,0.4950440214739904,-0.6404175129201677,"{""type"":""Point"",""coordinates"":[76.75,30.4]}"
352,,,0.0002527898464189226,30.4,76.9,0.427078323231803,-0.5941494736406538,"{""type"":""Point"",""coordinates"":[76.90000000000002,30.4]}"
353,,,0.0002812021882958208,30.4,77.05,0.2260583579540252,-0.5266222112708622,"{""type"":""Point"",""coordinates"":[77.05,30.4]}"
354,,313.69000244140625,0.00023440975800203425,30.4,77.2,0.1277656469080183,-0.4559109482500288,"{""type"":""Point"",""coordinates"":[77.2,30.4]}"
355,,,0.0002483448146625248,30.4,77.35,-0.1015692055225372,-0.357238123814265,"{""type"":""Point"",""coordinates"":[77.35,30.4]}"
356,,,0.00022856189499220088,30.4,77.5,-0.1849669648541344,-0.3603088703420428,"{""type"":""Point"",""coordinates"":[77.5,30.4]}"
357,316.1199951171875,,0.00023854572078420064,30.55,74.5,-0.1301485783523983,-0.3665337781111398,"{""type"":""Point"",""coordinates"":[74.5,30.55]}"
358,314.760009765625,,0.00024927056576793614,30.55,74.65,-0.1233197616206274,-0.3910109102725983,"{""type"":""Point"",""coordinates"":[74.65000000000002,30.55]}"
359,310.29998779296875,,0.00023309512557641957,30.55,74.8,-0.087426342566808,-0.4355109645260703,"{""type"":""Point"",""coordinates"":[74.8,30.55]}"
360,,,0.00024164976097978836,30.55,74.95,-0.0802021536562177,-0.432734543085098,"{""type"":""Point"",""coordinates"":[74.95,30.55]}"
361,310.92999267578125,,0.00024530256662605313,30.55,75.1,-0.1039217717117733,-0.438829242520862,"{""type"":""Point"",""coordinates"":[75.1,30.55]}"
362,,,0.0002754433580303882,30.55,75.25,-0.0830477482742733,-0.4510233885712094,"{""type"":""Point"",""coordinates"":[75.25,30.55]}"
363,,,0.000244574626371727,30.55,75.4,-0.065710033973058,-0.4557203829288483,"{""type"":""Point"",""coordinates"":[75.4,30.55]}"
364,,,0.00024385910829995456,30.55,75.55,-0.0080419838428497,-0.553629250658883,"{""type"":""Point"",""coordinates"":[75.55,30.55]}"
365,,,0.0002559653652202381,30.55,75.7,0.0428389569123586,-0.6109619465139177,"{""type"":""Point"",""coordinates"":[75.7,30.55]}"
366,,,0.0002881856141696766,30.55,75.85,0.0781369441085391,-0.6399743298689525,"{""type"":""Point"",""coordinates"":[75.85000000000001,30.55]}"
367,309.6400146484375,,0.0002934809141646675,30.55,76.0,0.2146712323029836,-0.6862247367699941,"{""type"":""Point"",""coordinates"":[76.0,30.55]}"
368,,,0.00030061748785682675,30.55,76.15,0.392414762576421,-0.7203898436493344,"{""type"":""Point"",""coordinates"":[76.15,30.55]}"
369,,312.6499938964844,0.0002850780600189304,30.55,76.3,0.4255436281363171,-0.7127065347300637,"{""type"":""Point"",""coordinates"":[76.3,30.55]}"
370,315.8599853515625,,0.0002956996055302708,30.55,76.45,0.5591200848420461,-0.7094238605764177,"{""type"":""Point"",""coordinates"":[76.45,30.55]}"
371,,,0.00026997250822783525,30.55,76.6,0.5402035944991642,-0.7533515406979456,"{""type"":""Point"",""coordinates"":[76.6,30.55]}"
372,,,0.00026224139884293874,30.55,76.75,0.4500146567821504,-0.8146677977508967,"{""type"":""Point"",""coordinates"":[76.75,30.550000000000008]}"
373,,,0.00026752242988060086,30.55,76.9,0.2841638267040254,-0.8315080755286748,"{""type"":""Point"",""coordinates"":[76.90000000000002,30.550000000000008]}"
374,,,0.0002607656649003173,30.55,77.05,0.10920892490281,-0.7627217935191263,"{""type"":""Point"",""coordinates"":[77.05,30.55]}"
375,,,0.00022510321297497415,30.55,77.2,0.012869338856803,-0.6997043510278066,"{""type"":""Point"",""coordinates"":[77.2,30.55]}"
376,,,0.00022139518774793085,30.55,77.35,-0.0393679387039608,-0.5016055961449942,"{""type"":""Point"",""coordinates"":[77.35,30.55]}"
377,,,0.0001813663268724092,30.55,77.5,0.0080624812179141,-0.3947021808889177,"{""type"":""Point"",""coordinates"":[77.5,30.55]}"
378,313.9700012207031,,0.0002334352792451947,30.7,74.5,-0.1043629202577803,-0.4110884249210357,"{""type"":""Point"",""coordinates"":[74.5,30.7]}"
379,,,0.00022766210892229472,30.7,74.65,-0.0939174314339955,-0.43522274295489,"{""type"":""Point"",""coordinates"":[74.65000000000002,30.699999999999992]}"
380,317.010009765625,,0.00022960947026382016,30.7,74.8,-0.0381190915902455,-0.4358707328637441,"{""type"":""Point"",""coordinates"":[74.8,30.699999999999992]}"
381,,,0.00025311301697408367,30.7,74.95,-0.0269791583220163,-0.4259118298689524,"{""type"":""Point"",""coordinates"":[74.95,30.7]}"
382,312.1199951171875,,0.00027414102785605805,30.7,75.1,-0.0757296330398983,-0.4107473062144385,"{""type"":""Point"",""coordinates"":[75.1,30.7]}"
383,,,0.0002554274382890482,30.7,75.25,-0.073428268565072,-0.4302619410885704,"{""type"":""Point"",""coordinates"":[75.25,30.7]}"
384,,,0.00027473146758969294,30.7,75.4,-0.0660423364904191,-0.4558926377031537,"{""type"":""Point"",""coordinates"":[75.4,30.7]}"
385,311.55999755859375,,0.0002688475060145382,30.7,75.55,-0.0098398082786136,-0.5662842121389178,"{""type"":""Point"",""coordinates"":[75.55,30.699999999999992]}"
386,,,0.00025332291952862186,30.7,75.7,0.0554094864262474,-0.6490458495087094,"{""type"":""Point"",""coordinates"":[75.7,30.7]}"
387,,,0.00028072430071779414,30.7,75.85,0.1129808975590599,-0.7110962238576674,"{""type"":""Point"",""coordinates"":[75.85000000000001,30.7]}"
388,,,0.00027107563131593623,30.7,76.0,0.2830801135963864,-0.7610314587752025,"{""type"":""Point"",""coordinates"":[76.0,30.7]}"
389,,,0.00029412716849160076,30.7,76.15,0.4862488554583655,-0.7990923040442993,"{""type"":""Point"",""coordinates"":[76.15,30.7]}"
390,,,0.000311327261886883,30.7,76.3,0.4935442520512476,-0.7901818494002025,"{""type"":""Point"",""coordinates"":[76.3,30.7]}"
391,,,0.00026262847855935896,30.7,76.45,0.5534109241432615,-0.788656309578154,"{""type"":""Point"",""coordinates"":[76.45,30.7]}"
392,,,0.0002901948500926937,30.7,76.6,0.4732212404410044,-0.8430186278290218,"{""type"":""Point"",""coordinates"":[76.6,30.7]}"
393,,,0.00027424755267282496,30.7,76.75,0.3356184979279836,-0.9107069551944732,"{""type"":""Point"",""coordinates"":[76.75,30.7]}"
394,,,0.00023484491553635867,30.7,76.9,0.1518494413958655,-0.928187084860272,"{""type"":""Point"",""coordinates"":[76.90000000000002,30.7]}"
395,,,0.00019230533409492407,30.7,77.05,0.048605422841178,-0.8314677245087092,"{""type"":""Point"",""coordinates"":[77.05,30.7]}"
396,,,0.00019715391565298043,30.7,77.2,0.0057790882057613,-0.7558234645260704,"{""type"":""Point"",""coordinates"":[77.2,30.7]}"
397,,,0.00014544589713996243,30.7,77.35,0.090040494998296,-0.5253394557370079,"{""type"":""Point"",""coordinates"":[77.35,30.7]}"
398,,,0.00016336935516525277,30.7,77.5,0.1394294652673932,-0.4161716361840566,"{""type"":""Point"",""coordinates"":[77.5,30.7]}"
399,318.9200134277344,,0.00025299178834003636,30.85,74.5,-0.1015298717551761,-0.4353404051727719,"{""type"":""Point"",""coordinates"":[74.5,30.85]}"
400,,,0.00023792399071801307,30.85,74.65,-0.0639898598194121,-0.4531291014618344,"{""type"":""Point"",""coordinates"":[74.65000000000002,30.85]}"
401,310.7799987792969,,0.00023553676749807657,30.85,74.8,-0.0075119952360788,-0.4386125677161748,"{""type"":""Point"",""coordinates"":[74.8,30.85]}"
402,320.04998779296875,,0.00024846096582897945,30.85,74.95,0.0128052519427405,-0.4286760442786746,"{""type"":""Point"",""coordinates"":[74.95,30.85]}"
403,320.4700012207031,,0.00025718394925992297,30.85,75.1,-0.0500636716683705,-0.4086910996172163,"{""type"":""Point"",""coordinates"":[75.1,30.85]}"
404,312.0299987792969,,0.0002615341436917422,30.85,75.25,-0.0450330184565649,-0.425144143237008,"{""type"":""Point"",""coordinates"":[75.25,30.85]}"
405,309.17999267578125,,0.0002608685427861005,30.85,75.4,-0.042327465613683,-0.4606323566701678,"{""type"":""Point"",""coordinates"":[75.4,30.849999999999994]}"
406,,,0.00025729832886687616,30.85,75.55,0.0138303034835391,-0.5709001653724249,"{""type"":""Point"",""coordinates"":[75.55,30.85]}"
407,,,0.00025748997792685664,30.85,75.7,0.0800259821944766,-0.6554714951250288,"{""type"":""Point"",""coordinates"":[75.7,30.85]}"
408,,,0.00028013538665717545,30.85,75.85,0.1655969321727752,-0.736289501852459,"{""type"":""Point"",""coordinates"":[75.85000000000001,30.85]}"
409,,,0.0003348218827982557,30.85,76.0,0.372409133778678,-0.814987215068605,"{""type"":""Point"",""coordinates"":[76.0,30.85]}"
410,,,0.0002767229180556029,30.85,76.15,0.5753601835833656,-0.8529585421085357,"{""type"":""Point"",""coordinates"":[76.15,30.85]}"
411,,,0.00026633782488804297,30.85,76.3,0.582647103071213,-0.8440738578637441,"{""type"":""Point"",""coordinates"":[76.3,30.85]}"
412,,,0.00026374467188806786,30.85,76.45,0.5047255535920463,-0.8261084987057583,"{""type"":""Point"",""coordinates"":[76.45,30.85]}"
413,,,0.0002883617173800571,30.85,76.6,0.3444421470165253,-0.8487945881154805,"{""type"":""Point"",""coordinates"":[76.6,30.85]}"
414,,,0.0002699000897041608,30.85,76.75,0.1918264514870113,-0.9184730006588832,"{""type"":""Point"",""coordinates"":[76.75,30.85]}"
415,,,0.00021495370064367224,30.85,76.9,0.0082486384444766,-0.9359307507673896,"{""type"":""Point"",""coordinates"":[76.90000000000002,30.85]}"
416,,,0.00015796574102805054,30.85,77.05,-0.0167839136388566,-0.8006704019175636,"{""type"":""Point"",""coordinates"":[77.05,30.85]}"
417,,,0.00016662067329995735,30.85,77.2,0.031710891591178,-0.7284040987491607,"{""type"":""Point"",""coordinates"":[77.2,30.85]}"
418,,,0.0001608068915213275,30.85,77.35,0.1780521730581919,-0.4824052923255495,"{""type"":""Point"",""coordinates"":[77.35,30.85]}"
419,,,0.00016869437671262265,30.85,77.5,0.2251482559574975,-0.3746836668915219,"{""type"":""Point"",""coordinates"":[77.5,30.85]}"
420,,,0.0002734966660895991,31.0,74.5,-0.0551034801536136,-0.4273173338837094,"{""type"":""Point"",""coordinates"":[74.5,30.999999999999993]}"
421,,,0.00027749289315497934,31.0,74.65,-0.0094956378142038,-0.4439375460147858,"{""type"":""Point"",""coordinates"":[74.65000000000002,30.999999999999993]}"
422,314.1199951171875,,0.0002667987742099586,31.0,74.8,-0.0162203556961483,-0.4744480033715566,"{""type"":""Point"",""coordinates"":[74.8,30.999999999999993]}"
423,310.2300109863281,,0.0002685628082769483,31.0,74.95,-0.0081396400928497,-0.4678890976640913,"{""type"":""Point"",""coordinates"":[74.95,30.999999999999993]}"
424,313.8599853515625,,0.00027808960015919857,31.0,75.1,-0.0318022920025719,-0.4320099201467302,"{""type"":""Point"",""coordinates"":[75.1,30.999999999999993]}"
425,,,0.00025535637748796936,31.0,75.25,0.0189575956927405,-0.4361708223819733,"{""type"":""Point"",""coordinates"":[75.25,30.999999999999993]}"
426,312.2300109863281,,0.00026029991643737013,31.0,75.4,0.0778273602326711,-0.4620263318220773,"{""type"":""Point"",""coordinates"":[75.4,30.999999999999993]}"
427,,,0.0002639459148094278,31.0,75.55,0.1848633574114905,-0.5649536457326677,"{""type"":""Point"",""coordinates"":[75.55,30.999999999999993]}"
428,,,0.00026572273410566794,31.0,75.7,0.3140327367517683,-0.6442501816484663,"{""type"":""Point"",""coordinates"":[75.7,30.999999999999993]}"
429,,,0.00029143304451885037,31.0,75.85,0.4482883791128795,-0.723105569018258,"{""type"":""Point"",""coordinates"":[75.85000000000001,31.0]}"
430,,,0.00030411792295880185,31.0,76.0,0.6152781930234696,-0.8218099282847509,"{""type"":""Point"",""coordinates"":[76.0,30.999999999999993]}"
431,,,0.00026215081110216243,31.0,76.15,0.7118703967995114,-0.8718563828203407,"{""type"":""Point"",""coordinates"":[76.15,30.999999999999993]}"
432,,,0.0002797325463216755,31.0,76.3,0.6101573434140949,-0.8630049288272856,"{""type"":""Point"",""coordinates"":[76.3,30.999999999999993]}"
433,,,0.0002573680259219254,31.0,76.45,0.2561992135312823,-0.8131192002031541,"{""type"":""Point"",""coordinates"":[76.45,30.999999999999993]}"
434,,,0.0002703545439471616,31.0,76.6,0.0771481745772891,-0.7345204995738136,"{""type"":""Point"",""coordinates"":[76.6,30.999999999999993]}"
435,,,0.0002075130685799176,31.0,76.75,-0.1013131969504885,-0.6469418320390915,"{""type"":""Point"",""coordinates"":[76.75,30.999999999999993]}"
436,,,0.0001717608825256214,31.0,76.9,-0.2567724525928497,-0.5656694524817997,"{""type"":""Point"",""coordinates"":[76.90000000000002,31.0]}"
437,,,0.00018625371020675803,31.0,77.05,-0.1587754229704539,-0.310339727004369,"{""type"":""Point"",""coordinates"":[77.05,30.999999999999993]}"
438,,,0.00015681428587233806,31.0,77.2,-0.0547966089513566,-0.2472286972734662,"{""type"":""Point"",""coordinates"":[77.2,30.999999999999993]}"
439,,,0.00015189509882668423,31.0,77.35,0.1755894045035044,-0.1435655706458621,"{""type"":""Point"",""coordinates"":[77.35,30.999999999999993]}"
440,,,0.00012595779751360724,31.0,77.5,0.2150632136397892,-0.0852346109019385,"{""type"":""Point"",""coordinates"":[77.5,30.999999999999993]}"
441,,,0.00029535873271399626,31.15,74.5,-0.0282778508133358,-0.438179557191001,"{""type"":""Point"",""coordinates"":[74.5,31.149999999999995]}"
442,,,0.00028526730146973396,31.15,74.65,0.0210470325416988,-0.4548296087317997,"{""type"":""Point"",""coordinates"":[74.65000000000002,31.14999999999999]}"
443,,,0.00030081292044918456,31.15,74.8,0.0079516006840599,-0.4871762070390912,"{""type"":""Point"",""coordinates"":[74.8,31.149999999999995]}"
444,,,0.0002571740244367893,31.15,74.95,0.0031440648767682,-0.5047573837969037,"{""type"":""Point"",""coordinates"":[74.95,31.150000000000002]}"
445,318.8800048828125,,0.0002540978085113993,31.15,75.1,-0.0066269854704538,-0.4702850666311055,"{""type"":""Point"",""coordinates"":[75.1,31.149999999999995]}"
446,,,0.00026710665488181677,31.15,75.25,0.0440939075416989,-0.4744415607717303,"{""type"":""Point"",""coordinates"":[75.25,31.150000000000002]}"
447,,313.5,0.0002660102271343356,31.15,75.4,0.102357389529546,-0.5005201876163483,"{""type"":""Point"",""coordinates"":[75.4,31.149999999999995]}"
448,,,0.0002652783921008772,31.15,75.55,0.2037432266606225,-0.5978909287187789,"{""type"":""Point"",""coordinates"":[75.55,31.149999999999995]}"
449,313.25,,0.0002698773120343029,31.15,75.7,0.3304433948463864,-0.6756788790225982,"{""type"":""Point"",""coordinates"":[75.7,31.149999999999995]}"
450,310.5400085449219,,0.0002751252882806678,31.15,75.85,0.4603865643342336,-0.7519636690616607,"{""type"":""Point"",""coordinates"":[75.85000000000001,31.150000000000002]}"
451,,,0.0002582698179224342,31.15,76.0,0.631625442372428,-0.8530039793915218,"{""type"":""Point"",""coordinates"":[76.0,31.149999999999995]}"
452,,,0.00026620058819205406,31.15,76.15,0.6250288983186086,-0.843417390849855,"{""type"":""Point"",""coordinates"":[76.15,31.150000000000002]}"
453,,,0.0002630928261778211,31.15,76.3,0.4637584176328448,-0.8252709607283276,"{""type"":""Point"",""coordinates"":[76.3,31.149999999999995]}"
454,,,0.0002501262003001939,31.15,76.45,0.098915006717046,-0.7718475666311054,"{""type"":""Point"",""coordinates"":[76.45,31.149999999999995]}"
455,,,0.0002392602520200643,31.15,76.6,-0.0801424748367733,-0.6960232529375288,"{""type"":""Point"",""coordinates"":[76.6,31.150000000000002]}"
456,,,0.00020602933803146105,31.15,76.75,-0.2533917831050026,-0.6084205104245078,"{""type"":""Point"",""coordinates"":[76.75,31.150000000000002]}"
457,,,0.000160741589442341,31.15,76.9,-0.3039271970589954,-0.4570170409149593,"{""type"":""Point"",""coordinates"":[76.90000000000002,31.150000000000002]}"
458,,,0.00013819757086721448,31.15,77.05,-0.1919076793723636,-0.2092597438229454,"{""type"":""Point"",""coordinates"":[77.05,31.149999999999995]}"
459,,,0.00015053345797756205,31.15,77.2,-0.0949726614687178,-0.1370151420434316,"{""type"":""Point"",""coordinates"":[77.2,31.149999999999995]}"
460,,,0.0001742662551356208,31.15,77.35,0.1375621285703447,-0.0635752684540219,"{""type"":""Point"",""coordinates"":[77.35,31.149999999999995]}"
461,,,0.000141980155360394,31.15,77.5,0.1543220433923933,-0.0413889891571468,"{""type"":""Point"",""coordinates"":[77.5,31.149999999999995]}"
462,,,0.000287464082284278,31.3,74.5,0.0226346247726016,-0.4821913301944732,"{""type"":""Point"",""coordinates"":[74.5,31.300000000000004]}"
463,,318.1700134277344,0.00031737949861115693,31.3,74.65,0.0474111682838864,-0.527637768454022,"{""type"":""Point"",""coordinates"":[74.65000000000002,31.3]}"
464,,,0.00028545862441816555,31.3,74.8,-0.0220817652013566,-0.6212501002682579,"{""type"":""Point"",""coordinates"":[74.8,31.300000000000004]}"
465,,,0.0002922160559578267,31.3,74.95,-0.0445108287864261,-0.6565758923689524,"{""type"":""Point"",""coordinates"":[74.95,31.300000000000004]}"
466,312.010009765625,,0.00029118144343512445,31.3,75.1,0.0343320124679141,-0.6119201984670428,"{""type"":""Point"",""coordinates"":[75.1,31.3]}"
467,,,0.00028657785372089155,31.3,75.25,0.0913981881406572,-0.6273458169566261,"{""type"":""Point"",""coordinates"":[75.25,31.300000000000004]}"
468,,,0.00026851036870445815,31.3,75.4,0.1159817927413517,-0.6704132404592305,"{""type"":""Point"",""coordinates"":[75.4,31.3]}"
469,,,0.00031679171120118125,31.3,75.55,0.15800042880906,-0.7751634710364872,"{""type"":""Point"",""coordinates"":[75.55,31.3]}"
470,,,0.00029238085093063695,31.3,75.7,0.1773668838871849,-0.8395091063446467,"{""type"":""Point"",""coordinates"":[75.7,31.3]}"
471,,,0.0002408239696745543,31.3,75.85,0.2124515871206919,-0.905822786357668,"{""type"":""Point"",""coordinates"":[75.85000000000001,31.3]}"
472,,,0.0002722856064456371,31.3,76.0,0.2190813614262474,-0.9310350530677368,"{""type"":""Point"",""coordinates"":[76.0,31.3]}"
473,,,0.0002362320715287351,31.3,76.15,0.0936581843429141,-0.8650665607717302,"{""type"":""Point"",""coordinates"":[76.15,31.300000000000004]}"
474,,,0.00021970784588524605,31.3,76.3,-0.021546690331565,-0.7700602538055842,"{""type"":""Point"",""coordinates"":[76.3,31.3]}"
475,,,0.0002125614777526592,31.3,76.45,-0.2776620739036136,-0.6138824787404801,"{""type"":""Point"",""coordinates"":[76.45,31.3]}"
476,,,0.0002000222169980426,31.3,76.6,-0.3571630775928496,-0.5244218938880496,"{""type"":""Point"",""coordinates"":[76.6,31.300000000000004]}"
477,,,0.0002062492526193712,31.3,76.75,-0.3943711260954538,-0.4339359184106189,"{""type"":""Point"",""coordinates"":[76.75,31.3]}"
478,,,0.00017511137261651998,31.3,76.9,-0.3673071205615997,-0.3416087157196469,"{""type"":""Point"",""coordinates"":[76.90000000000002,31.300000000000004]}"
479,,,0.0001746004059181299,31.3,77.05,-0.2381933510303497,-0.3130422280894385,"{""type"":""Point"",""coordinates"":[77.05,31.3]}"
480,,,0.00016951086593741115,31.3,77.2,-0.1504583656787872,-0.2598806069956885,"{""type"":""Point"",""coordinates"":[77.2,31.300000000000004]}"
481,,,0.0001602905943381402,31.3,77.35,0.0378666261831919,-0.1994469861189524,"{""type"":""Point"",""coordinates"":[77.35,31.3]}"
482,,,0.0001483553513218544,31.3,77.5,0.0471236248811086,-0.1726549261146121,"{""type"":""Point"",""coordinates"":[77.5,31.3]}"
483,,,0.00032543130542155127,31.45,74.5,0.1331987930668724,-0.4369900498125288,"{""type"":""Point"",""coordinates"":[74.5,31.450000000000003]}"
484,,,0.00029005075033499116,31.45,74.65,0.1182217829757266,-0.4360324760278066,"{""type"":""Point"",""coordinates"":[74.65000000000002,31.450000000000003]}"
485,,,0.00029983712580730447,31.45,74.8,0.0562049779627058,-0.4175120360321468,"{""type"":""Point"",""coordinates"":[74.8,31.45000000000001]}"
486,,,0.00030201912984279564,31.45,74.95,0.0427782608403099,-0.444473977221383,"{""type"":""Point"",""coordinates"":[74.95,31.450000000000003]}"
487,,,0.0002882412258399054,31.45,75.1,0.0534353382057613,-0.4621189018090565,"{""type"":""Point"",""coordinates"":[75.1,31.45000000000001]}"
488,,,0.0002745745879269465,31.45,75.25,-0.0119407739904191,-0.5835330863793691,"{""type"":""Point"",""coordinates"":[75.25,31.45000000000001]}"
489,,323.3800048828125,0.0002890366614558535,31.45,75.4,-0.0345746444331275,-0.6575246499644386,"{""type"":""Point"",""coordinates"":[75.4,31.450000000000003]}"
490,,,0.0002939919248188527,31.45,75.55,-0.0115159014860789,-0.7605974309974246,"{""type"":""Point"",""coordinates"":[75.55,31.450000000000003]}"
491,,,0.00025494039077496474,31.45,75.7,-0.0201889971892038,-0.7960503796736399,"{""type"":""Point"",""coordinates"":[75.7,31.450000000000003]}"
492,,,0.0002726146763016158,31.45,75.85,-0.0770632512039608,-0.7809112873342303,"{""type"":""Point"",""coordinates"":[75.85000000000001,31.450000000000003]}"
493,,,0.00026500710970404174,31.45,76.0,-0.2266665226883358,-0.6269260307153066,"{""type"":""Point"",""coordinates"":[76.0,31.450000000000003]}"
494,,,0.00025334212319054754,31.45,76.15,-0.3700682832135093,-0.5218109455373553,"{""type"":""Point"",""coordinates"":[76.15,31.450000000000003]}"
495,,,0.00022831765461903963,31.45,76.3,-0.4310427433914607,-0.4450402478377025,"{""type"":""Point"",""coordinates"":[76.3,31.450000000000003]}"
496,,,0.0002518108984750555,31.45,76.45,-0.4617875079313915,-0.3232398463620079,"{""type"":""Point"",""coordinates"":[76.45,31.450000000000003]}"
497,,,0.00019789671666145585,31.45,76.6,-0.4607095592551762,-0.3053809596432579,"{""type"":""Point"",""coordinates"":[76.6,31.45000000000001]}"
498,,,0.00019780924812749852,31.45,76.75,-0.4760487112734052,-0.2616455402639178,"{""type"":""Point"",""coordinates"":[76.75,31.450000000000003]}"
499,,,0.0001797562047253112,31.45,76.9,-0.4440347545676761,-0.1793518390920426,"{""type"":""Point"",""coordinates"":[76.90000000000002,31.45000000000001]}"
500,,,0.00011018457326288978,31.45,77.05,-0.3036420272456275,-0.1960666557153065,"{""type"":""Point"",""coordinates"":[77.05,31.450000000000003]}"
501,,,0.0001418407814627929,31.45,77.2,-0.224413647254308,-0.235428567065133,"{""type"":""Point"",""coordinates"":[77.2,31.45000000000001]}"
502,,,0.00011548064512851998,31.45,77.35,-0.0486378226015302,-0.2629469454288482,"{""type"":""Point"",""coordinates"":[77.35,31.450000000000003]}"
503,,,0.00011402664263235966,31.45,77.5,-0.0520290036996205,-0.2366214652856192,"{""type"":""Point"",""coordinates"":[77.5,31.450000000000003]}"
504,,,0.0003198473684836273,31.6,74.5,0.1689162274201711,-0.3932834525903066,"{""type"":""Point"",""coordinates"":[74.5,31.6]}"
505,316.989990234375,313.0,0.0003050267325429998,31.6,74.65,0.1562270184357961,-0.3980736951033273,"{""type"":""Point"",""coordinates"":[74.65000000000002,31.599999999999994]}"
506,,,0.00026571389615278837,31.6,74.8,0.099730165137185,-0.3316837211449941,"{""type"":""Point"",""coordinates"":[74.8,31.6]}"
507,,,0.0003055117664423788,31.6,74.95,0.0813985950416988,-0.3220282985104453,"{""type"":""Point"",""coordinates"":[74.95,31.6]}"
508,,317.94000244140625,0.0002698265419587398,31.6,75.1,0.0305088380972544,-0.3907640569739871,"{""type"":""Point"",""coordinates"":[75.1,31.6]}"
509,,,0.0002816440396151471,31.6,75.25,-0.0363650090164608,-0.5134572671519385,"{""type"":""Point"",""coordinates"":[75.25,31.6]}"
510,,,0.00027141757282981075,31.6,75.4,-0.0773613062169816,-0.5995880451467303,"{""type"":""Point"",""coordinates"":[75.4,31.6]}"
511,315.9800109863281,,0.0002899935941556083,31.6,75.55,-0.1457003361648983,-0.6980926838186053,"{""type"":""Point"",""coordinates"":[75.55,31.6]}"
512,,,0.00025921948053590104,31.6,75.7,-0.2020540959305233,-0.6845065971215564,"{""type"":""Point"",""coordinates"":[75.7,31.6]}"
513,,,0.00026941513280274553,31.6,75.85,-0.2611086613602108,-0.6620619356632232,"{""type"":""Point"",""coordinates"":[75.85000000000001,31.6]}"
514,,,0.00024119838278806728,31.6,76.0,-0.4125114527013567,-0.5051676756805845,"{""type"":""Point"",""coordinates"":[76.0,31.6]}"
515,,,0.00029508303776762824,31.6,76.15,-0.5553052352534402,-0.3300540824731192,"{""type"":""Point"",""coordinates"":[76.15,31.6]}"
516,,,0.00018442623670065537,31.6,76.3,-0.5519822100798287,-0.2650723252031539,"{""type"":""Point"",""coordinates"":[76.3,31.599999999999994]}"
517,,,0.00018191277307810533,31.6,76.45,-0.5430917614036136,-0.1537597980764177,"{""type"":""Point"",""coordinates"":[76.45,31.6]}"
518,,,0.00019616424597807572,31.6,76.6,-0.5419704099496205,-0.135260381301244,"{""type"":""Point"",""coordinates"":[76.6,31.6]}"
519,,,0.00018424790963375036,31.6,76.75,-0.5416055553489261,-0.1250091877248552,"{""type"":""Point"",""coordinates"":[76.75,31.6]}"
520,,,0.00019744549280100796,31.6,76.9,-0.4788814206918079,-0.1063537922170427,"{""type"":""Point"",""coordinates"":[76.90000000000002,31.6]}"
521,,,0.00012257119156788753,31.6,77.05,-0.3337957680225373,-0.132700295580758,"{""type"":""Point"",""coordinates"":[77.05,31.6]}"
522,,,9.187399497819018e-05,31.6,77.2,-0.255592100487815,-0.1682993895477718,"{""type"":""Point"",""coordinates"":[77.2,31.6]}"
523,,,0.00012215646565282348,31.6,77.35,-0.09705328212844,-0.2664951225121816,"{""type"":""Point"",""coordinates"":[77.35,31.6]}"
524,,,9.59004403874523e-05,31.6,77.5,-0.0675872041119469,-0.287761127286487,"{""type"":""Point"",""coordinates"":[77.5,31.6]}"
525,,,0.0002972213840903327,31.75,74.5,0.1732626087135738,-0.3754028644826678,"{""type"":""Point"",""coordinates"":[74.5,31.750000000000004]}"
526,,,0.0003016152385768134,31.75,74.65,0.1592285917864905,-0.3768846624427373,"{""type"":""Point"",""coordinates"":[74.65000000000002,31.750000000000004]}"
527,,,0.00030435872867356134,31.75,74.8,0.1035852134227752,-0.3194003959496815,"{""type"":""Point"",""coordinates"":[74.8,31.750000000000004]}"
528,,,0.0002879318705669537,31.75,74.95,0.0789212458663516,-0.3243812037838829,"{""type"":""Point"",""coordinates"":[74.95,31.750000000000004]}"
529,,,0.000282737934207949,31.75,75.1,0.0340217504236433,-0.4271532171302371,"{""type"":""Point"",""coordinates"":[75.1,31.750000000000004]}"
530,,,0.000277240638211621,31.75,75.25,-0.0327581703662872,-0.5497074027856191,"{""type"":""Point"",""coordinates"":[75.25,31.750000000000004]}"
531,,,0.000265981074279589,31.75,75.4,-0.0737809161345164,-0.6247830185625287,"{""type"":""Point"",""coordinates"":[75.4,31.750000000000004]}"
532,,,0.00027946917997032024,31.75,75.55,-0.1903716279400719,-0.6289011961883968,"{""type"":""Point"",""coordinates"":[75.55,31.750000000000004]}"
533,,,0.00027755184661261287,31.75,75.7,-0.2561200545893775,-0.6024692436059313,"{""type"":""Point"",""coordinates"":[75.7,31.750000000000004]}"
534,,,0.00025633136684358556,31.75,75.85,-0.3134605493810442,-0.5854777342743344,"{""type"":""Point"",""coordinates"":[75.85000000000001,31.75000000000001]}"
535,,,0.0002064808090248904,31.75,76.0,-0.4513216740555233,-0.434031879239612,"{""type"":""Point"",""coordinates"":[76.0,31.750000000000004]}"
536,,,0.00022462052654049748,31.75,76.15,-0.4649420082569122,-0.3810442083411746,"{""type"":""Point"",""coordinates"":[76.15,31.750000000000004]}"
537,,,0.00022393002743848516,31.75,76.3,-0.422130932410558,-0.4039907144175635,"{""type"":""Point"",""coordinates"":[76.3,31.750000000000004]}"
538,,,0.0001882346849904818,31.75,76.45,-0.4069226668940649,-0.2992269204722511,"{""type"":""Point"",""coordinates"":[76.45,31.750000000000004]}"
539,,,0.00017863335346652315,31.75,76.6,-0.4065415362517039,-0.2873847438229455,"{""type"":""Point"",""coordinates"":[76.6,31.750000000000004]}"
540,,,0.0001905837915167719,31.75,76.75,-0.4157846324973637,-0.2843068765269385,"{""type"":""Point"",""coordinates"":[76.75,31.75000000000001]}"
541,,,0.0001748916948740533,31.75,76.9,-0.4479430390728843,-0.1637736327118343,"{""type"":""Point"",""coordinates"":[76.90000000000002,31.75000000000001]}"
542,,,0.00014507556559548366,31.75,77.05,-0.3166621824105579,-0.1623057372040218,"{""type"":""Point"",""coordinates"":[77.05,31.750000000000004]}"
543,,,0.00012088414732480848,31.75,77.2,-0.2381930119461483,-0.1993066052595775,"{""type"":""Point"",""coordinates"":[77.2,31.750000000000004]}"
544,,,0.0001182179001637462,31.75,77.35,-0.1284412893984052,-0.2826158636146121,"{""type"":""Point"",""coordinates"":[77.35,31.750000000000004]}"
545,,,3.8172337711171405e-05,31.75,77.5,-0.054636561208301,-0.3107954561710357,"{""type"":""Point"",""coordinates"":[77.5,31.750000000000004]}"
546,,,0.0003004128099809389,31.9,74.5,0.1592818280061086,-0.3673557182153066,"{""type"":""Point"",""coordinates"":[74.5,31.900000000000002]}"
547,,,0.0003102355725553041,31.9,74.65,0.144148161013921,-0.3557207220130496,"{""type"":""Point"",""coordinates"":[74.65000000000002,31.899999999999995]}"
548,,,0.00029922141480236456,31.9,74.8,0.0961423152022891,-0.3340522242916954,"{""type"":""Point"",""coordinates"":[74.8,31.900000000000002]}"
549,,,0.0002606777071236091,31.9,74.95,0.073265321387185,-0.3561706867482926,"{""type"":""Point"",""coordinates"":[74.95,31.900000000000002]}"
550,,,0.00026071276185301375,31.9,75.1,0.0390720705191294,-0.4962992674774594,"{""type"":""Point"",""coordinates"":[75.1,31.900000000000002]}"
551,,,0.0002600335076279508,31.9,75.25,-0.022240795691808,-0.5711887260278066,"{""type"":""Point"",""coordinates"":[75.25,31.900000000000002]}"
552,,,0.00024856753487963884,31.9,75.4,-0.0634418997499677,-0.5847887151771122,"{""type"":""Point"",""coordinates"":[75.4,31.900000000000002]}"
553,,,0.0002911093615821744,31.9,75.55,-0.1842386119895511,-0.5543409883975984,"{""type"":""Point"",""coordinates"":[75.55,31.900000000000002]}"
554,,,0.0002850840592947779,31.9,75.7,-0.2734272513124677,-0.4958798203203413,"{""type"":""Point"",""coordinates"":[75.7,31.900000000000002]}"
555,,,0.0002162807418928892,31.9,75.85,-0.3628641002708011,-0.437492572598987,"{""type"":""Point"",""coordinates"":[75.85000000000001,31.900000000000002]}"
556,,,0.00020339661322664923,31.9,76.0,-0.3637175752056969,-0.3686591578854455,"{""type"":""Point"",""coordinates"":[76.0,31.900000000000002]}"
557,,,0.00025190895931063436,31.9,76.15,-0.2898304495546551,-0.38667537967364,"{""type"":""Point"",""coordinates"":[76.15,31.900000000000002]}"
558,,,0.0002258128154215668,31.9,76.3,-0.2122262828879885,-0.4914968179331884,"{""type"":""Point"",""coordinates"":[76.3,31.900000000000002]}"
559,,,0.00017382701537778296,31.9,76.45,-0.0804052650928497,-0.7080058104462096,"{""type"":""Point"",""coordinates"":[76.45,31.900000000000002]}"
560,,,0.00016386334863680154,31.9,76.6,-0.11302007900344,-0.716547002394994,"{""type"":""Point"",""coordinates"":[76.6,31.900000000000002]}"
561,,,0.00015487305884062693,31.9,76.75,-0.1557155271371205,-0.7382904377248551,"{""type"":""Point"",""coordinates"":[76.75,31.900000000000002]}"
562,,,0.00012160586613624026,31.9,76.9,-0.2167144013775719,-0.5922370387448204,"{""type"":""Point"",""coordinates"":[76.90000000000002,31.900000000000002]}"
563,,,0.00010457322779793224,31.9,77.05,-0.2493258244461483,-0.2810954100555843,"{""type"":""Point"",""coordinates"":[77.05,31.900000000000002]}"
564,,,0.00011876788822914808,31.9,77.2,-0.282314987315072,-0.2692864636580149,"{""type"":""Point"",""coordinates"":[77.2,31.900000000000002]}"
565,,,7.765977221631865e-05,31.9,77.35,-0.3585306041770512,-0.3040090249644385,"{""type"":""Point"",""coordinates"":[77.35,31.900000000000002]}"
566,,,9.411561583083694e-05,31.9,77.5,-0.2684664494461483,-0.3330119139618344,"{""type"":""Point"",""coordinates"":[77.5,31.900000000000002]}"
